,0,1,2,3,4,5,6,7,8,9,10,11,12,13,14,15,16,17,18,19,20,21,22,23,24,25,26,27,28,29,30
0,여행스타그램1.jpg,,,,,,,,,,,,,,,,,,,,,,,,,,,,,,
1,여행스타그램2.jpg,portra160,canonae1,제주도벚꽃,맑음_봄을담다,벚꽃,무보정,jejudo,캐논ae1,봄,제주도,필름사진,malgm_film,포트라160,제주도여행,맑음_제주에머물다,,,,,,,,,,,,,,,
2,여행스타그램3.jpg,,,,,,,,,,,,,,,,,,,,,,,,,,,,,,
3,여행스타그램4.jpg,,,,,,,,,,,,,,,,,,,,,,,,,,,,,,
4,여행스타그램5.jpg,likeforlikes,선팔하면맞팔,훈남,뷰티스타그램,선팔환영,좋반테러,구시청,광주,셀스타그램,가로수길,follow4like,좋아요테러,팔로우,맞팔댓글,좋아요반사,얼스타그램,상무지구,훈녀,likeforfollow,followforfollowback,일상소통,선팔,여행스타그램,좋반,맞팔선팔,,,,,
5,여행스타그램6.jpg,좋반,likeme,좋테,태그원,좋아요반사,f4f,instamood,청주핫플,팔로우미,following,likeforlikes,l4like,전신샷,likeforfollow,일상스타그램,카페투어,instagood,소통해요,여행스타그램,,,,,,,,,,,
6,여행스타그램7.jpg,전주여행,여행스타그램,여행,한복,전주,,,,,,,,,,,,,,,,,,,,,,,,,
7,여행스타그램8.jpg,여행에미치다_국내,여행다녀왔습니다,가온_부산,웨이브온,부산맛집추천,기장오션뷰카페,여행스타그램,부산여행코스,일상,영도카페,부산여행,흰여울마을,부산카페추천,국내여행지,기장카페,영도흰여울길,해운대카페,좋아요반사,오션뷰카페,데일리,,,,,,,,,,
8,여행스타그램9.jpg,ariasnewyork,,,,,,,,,,,,,,,,,,,,,,,,,,,,,
9,여행스타그램10.jpg,소통환영,제주,데일리룩,소통,문화생활,데일리,인스타그램,selfie,무드,picture,instadaily,여행,전신스타그램,얼스타그램,셀스타,여행스타그램,전시회,life,일상소통,셀피,일상스타그램,빛의벙커,셀스타그램,selca,전신샷,인스타,instagood,일상,likeforlikes,셀카
10,여행스타그램11.jpg,instagain,viaggiare,きれい,旅行好きな人と繋がりたい,여행스타그램,japan,wonderful_places,travelphoto,travelgram,여행사진,旅行,ピサ,piazzadeimiracoli,여행기록,viaggiatoridelgusto,baccoperbaccoitalia,pisa,海外旅行,nature_perfection,写真好きな人と繋がりたい,baccoeurope,イタリア,viaggiareintoscana,viaggiareinitalia,イタリア旅行,torredipisa,観光,綺麗な景色,splendid_shotz,ig_captures
11,여행스타그램12.jpg,,,,,,,,,,,,,,,,,,,,,,,,,,,,,,
12,여행스타그램13.jpg,팔로워,coffee,맞팔선팔환영,카페,전포카페거리,데일리,서면,좋아요반사,like4likes,여행스타그램,스타벅스,해운대,follow4like,선팔,카페스타그램,좋아요,일상,소통,ootd,좋반,신메뉴,부산카페,부산,,,,,,,
13,여행스타그램14.jpg,friends,팔로우,selfie,행복,ストリートファッション,カジュアル,f4f,drew,일상스타그램,instalove,instagood,셀스타그램,여행,いいね返し,santaclausiscomingtotown,좋아요반사,일본인,ジャスティンビーバー,christmas,justinbieber,셀피,셀카,drewhouse,팔로우미,소통,follow,좋반,나,여행스타그램,소통해요
14,여행스타그램15.jpg,제주공항근처카페,제주공항근처맛집,제주맛집,제주도맛집,제주카페추천,제주여행스타그램,제주카페,빵지순례,제주도카페,제주도여행,여행스타그램,제주산수제타르트,제주핫플,제주여행,빵스타그램,제주공항카페,브와두스,브와두스베이커리,브와두스연동점,,,,,,,,,,,
15,주소없음,여행스타그램16.jpg,제주공항근처카페,제주공항근처맛집,제주맛집,제주도맛집,제주카페추천,제주여행스타그램,제주카페,빵지순례,제주도카페,제주도여행,여행스타그램,제주산수제타르트,제주핫플,제주여행,빵스타그램,제주공항카페,브와두스,브와두스베이커리,브와두스연동점,,,,,,,,,,
16,여행스타그램17.jpg,차스타그램,얼굴그램,인친,쥐띠맘,carstagram,맞팔해요,김해,팔로우반사,좋아요반사,제주도여행코스,여행스타그램,선팔하면맞팔가요,인스타소통,셀기꾼,제주가볼만한곳,likeme,selcam,댓글반사,셀카,지프랭글러,예비맘소통,서귀포여행,인생샷,지프,제주여행,,,,,
17,여행스타그램18.jpg,여행스타그램,сказкинаночь,여행그램,여행객들,reiseumdiewelt,mountains,여행자,reisende,reiseblogger,여행지,여행길잡이,여행가방,여행사진,여행가기,fairytail,여행맛집,travelphotography,forest,여행정보,neň3ax,travel,путешествие,여행시즌,лес,여행지추천,멋진여행지,세계여행,,,
18,여행스타그램19.jpg,천안맛집,데일리,likeforlikes,좋반,카페투어,먹스타그램,ootd,instafood,소통,맛집,맛스타그램,like4likes,각원사,instamood,카페스타그램,좋아요,럽스타,데일리룩,여행,일상,천안카페,여행스타그램,좋아요반사,,,,,,,
19,여행스타그램20.jpg,,,,,,,,,,,,,,,,,,,,,,,,,,,,,,
20,여행스타그램21.jpg,서귀포,제주,여행스타그램,썰물,성산,바다,제주여행,광치기해변,성산일출봉,여행,제주도,,,,,,,,,,,,,,,,,,,
21,여행스타그램22.jpg,데일리룩,클럽스타그램,여대생룩,루이비통가방,강남클럽,패션,워킹맘,직장맘,chanelbag,젊줌마,먹스타그램,샤넬가방,육아일상,엄마패션,다이어트,구찌공구,루이비통공구,홍콩명품,여행스타그램,guccibag,구찌가방,입생로랑가방,엄마스타그램,lvbag,육아맘,프라다가방,초보맘,패션스타그램,여름패션,
22,여행스타그램23.jpg,부업문의,요리,육아일상,쇼핑몰,부업추천,요가,여행,주부일상,등산,아들스타그램,골프,여행스타그램,재택부업,육아스타그램,육아맘부업,주부,여성의류,육아맘,아들맘,쇼핑,주부스타그램,육아,요리스타그램,육아일기,,,,,,
23,여행스타그램24.jpg,fff,fashion,맞팔,셀스타그램,여행,전신스타그램,분위기,셀카,여행스타그램,좋,친구,좋아요,흑발,좋반,카메라,얼스타,01,followforfollowback,02,좋아요반사,f4f,얼굴,셀피,맞팔선팔환영,셀카그램,전신샷,맞팔해요,좋아요테러,좋반테러,얼스타그램
24,여행스타그램25.jpg,신세계센텀시티,chanel,trip,샤넬,맘스타그램,데일리,여행스타그램,burberry,kidsfashion,travel,버버리,셀피,신세계백화점,데일리룩,센텀,산책,daily,kidslook,맛스타그램,여행,셀스타그램,얼스타그램,일상,,,,,,,
25,여행스타그램26.jpg,여행에미치다,셀카,염시차니가말했다,양양,신혼부부,강원도,여행,동해,허니문,강릉,오션뷰,selka,서피비치,셀스타그램,숲,마운틴뷰,코로나,신혼스타그램,신혼여행,속초,셀피,낙산비치호텔,트래블러,넌뒷모습이예뻐,뒷태미녀,selfie,여행스타그램,,,
26,여행스타그램27.jpg,서면맛집,큐리앰플,해리단길,해운대맛집,파미,큐리팩,꾸안꾸룩,파미뷰티,닥터이너그린,꾸안꾸맛집,자켓맛집,간절기룩,디피샷,아베크진아,전포카페,센텀맛집,여행스타그램,에쎌로쿠션,청바지맛집,기장카페,달맞이카페,해운대카페,유산균쿠션,체크자켓,하객룩,파미아베크,결혼식하객패션,,,
27,여행스타그램28.jpg,일상스냅,데이트,photograph,00log,canonphotography,사진스타그램,럽스타그램,캐논100d,감성사진,개나리,여행스타그램,일상,스냅사진,,,,,,,,,,,,,,,,,
28,여행스타그램29.jpg,스토어팜,니트,오오티디,송리단길,여자의류쇼핑몰,봄자켓,트렌치코트,데일리,followforfollowback,싱글자켓,카페스타그램,직장인스타그램,dailylook,잠실카페,가디건,팔로우,좋반,sale,옷스타그램,여행스타그램,키작녀코디,ootd,좋테,소통,트위드자켓,봄세일,데일리룩,봄신상,인친,
29,여행스타그램30.jpg,여행스타그램,여수맛집추천,여수장어구이,여수맛집,먹스타그램,명품나루터,명품,여수횟집,장어구이,졸맛탱,,,,,,,,,,,,,,,,,,,,
30,여행스타그램31.jpg,여자캠퍼,캠핑가는디자이너,맛스타그램,여자백패커,뚜벅이,미니멀캠핑,follow,좋아요,팔로우,인친환영,캠디,좋반,첫줄,인스타그램,솔캠,여행스타그램,likeforlike,selfie,백패킹,유부스타그램,일상,유튜버,소통,먹방,신혼부부,캠핑,먹스타그램,맛집,,
31,여행스타그램32.jpg,좋아요,봄여행,펜션,첫줄,포항신축펜션,첫줄반사,포항펜션추천,비발디9풀빌라,포항펜션,가족여행,여름여행,포항풀빌라펜션,좋아요테러,포항독체펜션,가족펜션,수영장펜션,비발디나인풀빌라,커플펜션,졸업여행,가을여행,여행스타그램,포항여행,힐링,선팔,키즈펜션,구룡포해수욕장,겨울여행,맞팔,,
32,여행스타그램33.jpg,여행스타그램,외도,거제도,사진스타그램,선팔하면맞팔,사진계정맞팔,사진계정,사진,캐논200d,거제도여행,맞팔,아이폰xs,추억팔이중,맞팔선팔환영,일상스타그램,외도보타니아,,,,,,,,,,,,,,
33,여행스타그램34.jpg,,,,,,,,,,,,,,,,,,,,,,,,,,,,,,
34,여행스타그램35.jpg,제주도벚꽃,제주도,제주도여행,벚꽃,포트라160,canonae1,봄,캐논ae1,맑음_봄을담다,필름사진,portra160,malgm_film,jejudo,맑음_제주에머물다,무보정,,,,,,,,,,,,,,,
35,여행스타그램36.jpg,,,,,,,,,,,,,,,,,,,,,,,,,,,,,,
36,여행스타그램37.jpg,,,,,,,,,,,,,,,,,,,,,,,,,,,,,,
37,여행스타그램38.jpg,follow4like,맞팔선팔,선팔환영,훈남,맞팔댓글,여행스타그램,팔로우,셀스타그램,likeforfollow,좋아요테러,좋아요반사,뷰티스타그램,얼스타그램,좋반,선팔,상무지구,가로수길,선팔하면맞팔,좋반테러,followforfollowback,likeforlikes,일상소통,구시청,훈녀,광주,,,,,
38,여행스타그램39.jpg,태그원,likeforlikes,팔로우미,l4like,카페투어,청주핫플,일상스타그램,소통해요,likeme,instamood,following,좋아요반사,좋반,좋테,instagood,f4f,전신샷,likeforfollow,여행스타그램,,,,,,,,,,,
39,여행스타그램40.jpg,여행,여행스타그램,한복,전주,전주여행,,,,,,,,,,,,,,,,,,,,,,,,,
40,여행스타그램41.jpg,해운대카페,기장카페,가온_부산,부산맛집추천,여행다녀왔습니다,부산여행,영도카페,여행스타그램,좋아요반사,기장오션뷰카페,오션뷰카페,국내여행지,여행에미치다_국내,일상,흰여울마을,데일리,영도흰여울길,부산카페추천,부산여행코스,웨이브온,,,,,,,,,,
41,여행스타그램42.jpg,ariasnewyork,,,,,,,,,,,,,,,,,,,,,,,,,,,,,
42,여행스타그램43.jpg,일상소통,소통환영,셀카,selca,인스타,셀스타,얼스타그램,일상,전신스타그램,빛의벙커,소통,여행,일상스타그램,셀피,전시회,likeforlikes,instagood,instadaily,셀스타그램,데일리,문화생활,인스타그램,picture,제주,데일리룩,전신샷,life,무드,여행스타그램,selfie
43,여행스타그램44.jpg,japan,baccoeurope,instagain,여행기록,여행사진,きれい,viaggiareinitalia,piazzadeimiracoli,wonderful_places,写真好きな人と繋がりたい,観光,viaggiareintoscana,torredipisa,海外旅行,viaggiatoridelgusto,travelgram,baccoperbaccoitalia,pisa,旅行,nature_perfection,ピサ,綺麗な景色,여행스타그램,旅行好きな人と繋がりたい,splendid_shotz,ig_captures,viaggiare,イタリア,イタリア旅行,travelphoto
44,여행스타그램45.jpg,,,,,,,,,,,,,,,,,,,,,,,,,,,,,,
45,여행스타그램46.jpg,소통,서면,like4likes,좋아요,선팔,여행스타그램,해운대,좋반,맞팔선팔환영,부산카페,신메뉴,follow4like,일상,coffee,ootd,좋아요반사,카페스타그램,데일리,스타벅스,부산,팔로워,카페,전포카페거리,,,,,,,
46,여행스타그램47.jpg,justinbieber,여행,셀스타그램,소통,f4f,friends,행복,santaclausiscomingtotown,christmas,follow,좋아요반사,いいね返し,일상스타그램,팔로우미,일본인,drewhouse,drew,셀피,ジャスティンビーバー,여행스타그램,instagood,나,팔로우,소통해요,ストリートファッション,좋반,셀카,カジュアル,instalove,selfie
47,여행스타그램48.jpg,제주공항근처카페,빵스타그램,여행스타그램,제주여행스타그램,제주도여행,제주핫플,제주도맛집,제주카페추천,빵지순례,제주도카페,브와두스,제주산수제타르트,브와두스베이커리,제주공항근처맛집,제주여행,제주맛집,제주공항카페,브와두스연동점,제주카페,,,,,,,,,,,
48,주소없음,여행스타그램49.jpg,제주공항근처카페,빵스타그램,여행스타그램,제주여행스타그램,제주도여행,제주핫플,제주도맛집,제주카페추천,빵지순례,제주도카페,브와두스,제주산수제타르트,브와두스베이커리,제주공항근처맛집,제주여행,제주맛집,제주공항카페,브와두스연동점,제주카페,,,,,,,,,,
49,여행스타그램50.jpg,김해,지프랭글러,carstagram,여행스타그램,맞팔해요,선팔하면맞팔가요,예비맘소통,인친,selcam,제주가볼만한곳,셀기꾼,좋아요반사,제주도여행코스,셀카,지프,서귀포여행,팔로우반사,얼굴그램,댓글반사,제주여행,likeme,쥐띠맘,인스타소통,차스타그램,인생샷,,,,,
50,여행스타그램51.jpg,лес,reisende,neň3ax,여행시즌,여행가방,멋진여행지,여행지추천,travelphotography,여행길잡이,fairytail,reiseblogger,여행지,reiseumdiewelt,여행가기,forest,여행스타그램,여행자,여행그램,travel,mountains,여행정보,여행맛집,세계여행,сказкинаночь,여행객들,여행사진,путешествие,,,
51,여행스타그램52.jpg,데일리룩,instafood,천안카페,카페투어,맛집,각원사,ootd,소통,instamood,먹스타그램,맛스타그램,좋반,카페스타그램,likeforlikes,like4likes,여행,좋아요,데일리,천안맛집,일상,여행스타그램,좋아요반사,럽스타,,,,,,,
52,여행스타그램53.jpg,,,,,,,,,,,,,,,,,,,,,,,,,,,,,,
53,여행스타그램54.jpg,여행스타그램,제주도,성산일출봉,광치기해변,제주여행,여행,바다,썰물,제주,서귀포,성산,,,,,,,,,,,,,,,,,,,
54,여행스타그램55.jpg,육아일상,루이비통공구,엄마스타그램,여행스타그램,guccibag,젊줌마,강남클럽,패션,구찌공구,루이비통가방,육아맘,여름패션,데일리룩,다이어트,초보맘,프라다가방,엄마패션,홍콩명품,lvbag,워킹맘,구찌가방,입생로랑가방,샤넬가방,패션스타그램,chanelbag,여대생룩,먹스타그램,클럽스타그램,직장맘,
55,여행스타그램56.jpg,주부스타그램,요리,쇼핑몰,부업추천,쇼핑,육아맘부업,육아,육아일기,아들스타그램,주부,육아스타그램,여행스타그램,부업문의,여성의류,요가,육아일상,육아맘,등산,아들맘,재택부업,여행,요리스타그램,주부일상,골프,,,,,,
56,여행스타그램57.jpg,여행,셀카,분위기,좋,fff,01,fashion,좋아요,셀피,얼스타,전신스타그램,맞팔,f4f,전신샷,맞팔해요,친구,셀스타그램,02,흑발,셀카그램,얼굴,여행스타그램,좋아요테러,맞팔선팔환영,좋반테러,좋반,카메라,얼스타그램,followforfollowback,좋아요반사
57,여행스타그램58.jpg,센텀,맘스타그램,맛스타그램,daily,kidslook,신세계백화점,버버리,신세계센텀시티,얼스타그램,셀스타그램,데일리룩,일상,여행,trip,chanel,travel,kidsfashion,여행스타그램,샤넬,산책,burberry,데일리,셀피,,,,,,,
58,여행스타그램59.jpg,여행,selfie,넌뒷모습이예뻐,염시차니가말했다,오션뷰,트래블러,셀피,코로나,신혼스타그램,서피비치,여행에미치다,낙산비치호텔,동해,셀스타그램,속초,selka,숲,여행스타그램,신혼부부,마운틴뷰,허니문,양양,강원도,강릉,신혼여행,뒷태미녀,셀카,,,
59,여행스타그램60.jpg,에쎌로쿠션,전포카페,큐리팩,디피샷,달맞이카페,센텀맛집,결혼식하객패션,파미뷰티,자켓맛집,하객룩,파미,간절기룩,기장카페,여행스타그램,체크자켓,닥터이너그린,파미아베크,청바지맛집,해운대카페,해운대맛집,큐리앰플,꾸안꾸맛집,해리단길,유산균쿠션,아베크진아,서면맛집,꾸안꾸룩,,,
60,여행스타그램61.jpg,캐논100d,일상스냅,photograph,럽스타그램,일상,스냅사진,감성사진,데이트,canonphotography,여행스타그램,사진스타그램,00log,개나리,,,,,,,,,,,,,,,,,
61,여행스타그램62.jpg,니트,싱글자켓,키작녀코디,followforfollowback,봄세일,직장인스타그램,잠실카페,팔로우,여자의류쇼핑몰,소통,여행스타그램,인친,좋테,봄자켓,트위드자켓,데일리,좋반,데일리룩,트렌치코트,봄신상,송리단길,스토어팜,dailylook,sale,옷스타그램,ootd,오오티디,카페스타그램,가디건,
62,여행스타그램63.jpg,먹스타그램,명품,장어구이,여수횟집,명품나루터,여수장어구이,여수맛집추천,졸맛탱,여행스타그램,여수맛집,,,,,,,,,,,,,,,,,,,,
63,여행스타그램64.jpg,일상,좋아요,여행스타그램,팔로우,여자캠퍼,뚜벅이,맛스타그램,좋반,솔캠,인스타그램,신혼부부,캠핑,selfie,캠디,미니멀캠핑,먹스타그램,먹방,맛집,인친환영,소통,첫줄,유튜버,likeforlike,유부스타그램,여자백패커,캠핑가는디자이너,follow,백패킹,,
64,여행스타그램65.jpg,커플펜션,포항여행,맞팔,첫줄반사,비발디나인풀빌라,포항독체펜션,봄여행,선팔,수영장펜션,포항풀빌라펜션,포항펜션추천,구룡포해수욕장,포항펜션,좋아요테러,졸업여행,펜션,좋아요,가족여행,첫줄,포항신축펜션,겨울여행,여행스타그램,비발디9풀빌라,가을여행,힐링,여름여행,키즈펜션,가족펜션,,
65,여행스타그램66.jpg,외도,여행스타그램,일상스타그램,추억팔이중,맞팔,거제도여행,선팔하면맞팔,사진,맞팔선팔환영,거제도,캐논200d,아이폰xs,사진스타그램,사진계정맞팔,외도보타니아,사진계정,,,,,,,,,,,,,,
66,여행스타그램67.jpg,여행사진,시애틀,throwback,여행지추천,호텔추천,throwbackpic,lfl,여행기록,seattle,미서부여행,시애틀호텔,travelphotography,theedgewater,바다뷰,미국서부여행,뷰맛집,여행스타그램,감성사진,시애틀여행,미국자유여행,noblehouse,여행지,fff,미국여행,미국서부,seattlewashington,travel,,,
67,여행스타그램68.jpg,청정지역,바다,대전댁,데일리,소통,국내여행,여행스타그램,온수풀,진도,진도쏠비치,진도여행,맞팔,전남여행,좋반,목포,좋아요,일상,남해,수린이,딥오션,입수,인티니트풀,,,,,,,,
68,여행스타그램69.jpg,혤로,universalstudios,미니언즈라이드,타겟,여행,minions,싱글라이더,미국시리얼,universalstudioshollywood,themummyride,미국서부여행,미국여행🇺🇸,losangeles,대학생소통,소통,la유니버셜스튜디오,엘에이,미니언즈,쌀국수,트랜스포머라이드,시리얼,페파피그피규어,여행스타그램,혤로여행,us,혤로아메리카,미이라라이드,유니버셜스튜디오할리우드,,
69,여행스타그램70.jpg,,,,,,,,,,,,,,,,,,,,,,,,,,,,,,
70,여행스타그램71.jpg,신혼생활,일상스타그램,신혼집,새댁,임신23주차,데일리,임신6개월,여행스타그램,라이프스타일,유럽여행,부부스타그램,주부스타그램,쥐띠맘,노팅힐포토벨로마켓,남편일상,런던여행,주부일상,신혼일기,쥐띠아들맘,노팅힐,새댁소통,태교,런던,신혼부부,영국여행,태교일기,새댁일상,예비맘,1년전,홈스타그램
71,여행스타그램72.jpg,여행스타그램,파라다이스시티,모든게맛있는이현이,,,,,,,,,,,,,,,,,,,,,,,,,,,
72,여행스타그램73.jpg,스냅맛집,파리스냅추천,travelpic,유디니,파리야경,파리스냅,paris,파리풍경,에펠탑,파리웨딩,여행스타그램,신혼,유럽어디까지가봤니,파리스냅이벤트,파리,신혼여행,여행에미치다,예신,parisphotoshoot,유럽여행,파리스냅사진,럽스타그램,파리스냅가치,,,,,,,
73,여행스타그램74.jpg,,,,,,,,,,,,,,,,,,,,,,,,,,,,,,
74,여행스타그램75.jpg,큐리팩,체크자켓,아베크진아,파미뷰티,에쎌로쿠션,꾸안꾸룩,서면맛집,결혼식하객패션,청바지맛집,하객룩,여행스타그램,해리단길,전포카페,파미,달맞이카페,자켓맛집,기장카페,센텀맛집,유산균쿠션,해운대카페,해운대맛집,디피샷,닥터이너그린,큐리앰플,파미아베크,간절기룩,꾸안꾸맛집,,,
75,여행스타그램76.jpg,,,,,,,,,,,,,,,,,,,,,,,,,,,,,,
76,여행스타그램77.jpg,희망소원성취,낙산사,여행중독,선팔하면맞팔,화이트포메라이언,포메라니안,블랙탄포메,셀카,운치있네☔,맞팔,먹방,선팔맞팔,selfie,흔남,여행스타그램,산책스타그램,여행에미치다,맞팔해요,속초투어,복두꺼비,선팔👍,여행,직장인스타그램,먹방스타그램,셀카그램,길에서길을묻다,나혼자산다,포메,,
77,여행스타그램78.jpg,lfl,맞팔,술스타그램,럽스타그램,여행에미치다,daily,ootd,꽃게찜,먹스타그램,샤브샤브,여행,대전,like,일상,좋아요,선팔,쭈꾸미,여행스타그램,데이트,date,소래포구,우럭,fff,인천,소통,인친,먹방,팔로우,커플,
78,여행스타그램79.jpg,,,,,,,,,,,,,,,,,,,,,,,,,,,,,,
79,여행스타그램80.jpg,제주도여행,jejudo,제주도,무보정,제주도벚꽃,캐논ae1,canonae1,맑음_봄을담다,벚꽃,포트라160,맑음_제주에머물다,필름사진,봄,portra160,malgm_film,,,,,,,,,,,,,,,
80,여행스타그램81.jpg,,,,,,,,,,,,,,,,,,,,,,,,,,,,,,
81,여행스타그램82.jpg,,,,,,,,,,,,,,,,,,,,,,,,,,,,,,
82,여행스타그램83.jpg,선팔환영,뷰티스타그램,followforfollowback,훈남,likeforlikes,셀스타그램,좋반테러,광주,훈녀,구시청,좋반,여행스타그램,얼스타그램,follow4like,선팔하면맞팔,좋아요반사,맞팔선팔,가로수길,상무지구,일상소통,맞팔댓글,좋아요테러,선팔,likeforfollow,팔로우,,,,,
83,여행스타그램84.jpg,좋반,카페투어,여행스타그램,좋아요반사,instamood,소통해요,likeforfollow,instagood,following,f4f,전신샷,청주핫플,좋테,l4like,일상스타그램,팔로우미,태그원,likeme,likeforlikes,,,,,,,,,,,
84,여행스타그램85.jpg,전주여행,전주,한복,여행스타그램,여행,,,,,,,,,,,,,,,,,,,,,,,,,
85,여행스타그램86.jpg,국내여행지,영도카페,부산카페추천,데일리,오션뷰카페,부산맛집추천,일상,부산여행코스,좋아요반사,기장카페,영도흰여울길,가온_부산,웨이브온,여행다녀왔습니다,부산여행,기장오션뷰카페,흰여울마을,여행스타그램,해운대카페,여행에미치다_국내,,,,,,,,,,
86,여행스타그램87.jpg,ariasnewyork,,,,,,,,,,,,,,,,,,,,,,,,,,,,,
87,여행스타그램88.jpg,좋반,데일리,선팔,여행스타그램,카페,소통,좋아요반사,맞팔선팔환영,신메뉴,coffee,좋아요,일상,스타벅스,카페스타그램,서면,follow4like,해운대,ootd,전포카페거리,팔로워,like4likes,부산,부산카페,,,,,,,
88,여행스타그램89.jpg,instagood,santaclausiscomingtotown,여행,여행스타그램,ストリートファッション,팔로우미,소통,일상스타그램,소통해요,selfie,justinbieber,follow,셀피,행복,drewhouse,좋아요반사,カジュアル,ジャスティンビーバー,셀카,instalove,팔로우,friends,いいね返し,drew,셀스타그램,나,christmas,f4f,좋반,일본인
89,여행스타그램90.jpg,여행스타그램,제주공항카페,제주카페추천,브와두스베이커리,브와두스,제주도여행,제주산수제타르트,제주도카페,제주여행,제주카페,빵스타그램,브와두스연동점,제주맛집,제주공항근처카페,제주여행스타그램,제주핫플,빵지순례,제주공항근처맛집,제주도맛집,,,,,,,,,,,
90,주소없음,여행스타그램91.jpg,여행스타그램,제주공항카페,제주카페추천,브와두스베이커리,브와두스,제주도여행,제주산수제타르트,제주도카페,제주여행,제주카페,빵스타그램,브와두스연동점,제주맛집,제주공항근처카페,제주여행스타그램,제주핫플,빵지순례,제주공항근처맛집,제주도맛집,,,,,,,,,,
91,여행스타그램92.jpg,셀카,셀기꾼,인친,제주여행,여행스타그램,댓글반사,carstagram,좋아요반사,얼굴그램,서귀포여행,김해,쥐띠맘,제주도여행코스,인스타소통,지프,지프랭글러,차스타그램,선팔하면맞팔가요,likeme,예비맘소통,제주가볼만한곳,맞팔해요,인생샷,selcam,팔로우반사,,,,,
92,여행스타그램93.jpg,여행지,여행그램,reiseumdiewelt,여행맛집,여행시즌,여행스타그램,fairytail,travel,여행가기,여행길잡이,reiseblogger,세계여행,여행객들,neň3ax,여행지추천,reisende,멋진여행지,여행정보,сказкинаночь,여행사진,путешествие,여행가방,forest,travelphotography,mountains,여행자,лес,,,
93,여행스타그램94.jpg,카페투어,럽스타,여행,like4likes,좋반,먹스타그램,데일리룩,천안맛집,좋아요반사,좋아요,ootd,카페스타그램,맛집,여행스타그램,instafood,각원사,소통,일상,데일리,instamood,맛스타그램,likeforlikes,천안카페,,,,,,,
94,여행스타그램95.jpg,,,,,,,,,,,,,,,,,,,,,,,,,,,,,,
95,여행스타그램96.jpg,여행,성산,성산일출봉,제주여행,여행스타그램,광치기해변,제주,제주도,썰물,서귀포,바다,,,,,,,,,,,,,,,,,,,
96,여행스타그램97.jpg,루이비통가방,엄마스타그램,패션,루이비통공구,워킹맘,직장맘,다이어트,chanelbag,입생로랑가방,강남클럽,홍콩명품,여대생룩,guccibag,육아맘,엄마패션,여름패션,먹스타그램,젊줌마,샤넬가방,프라다가방,클럽스타그램,구찌공구,초보맘,데일리룩,lvbag,패션스타그램,육아일상,여행스타그램,구찌가방,
97,여행스타그램98.jpg,아들스타그램,육아,부업추천,요리,주부,여행,요리스타그램,육아스타그램,육아맘,쇼핑몰,여성의류,육아일상,쇼핑,육아일기,주부스타그램,아들맘,부업문의,요가,등산,재택부업,주부일상,육아맘부업,여행스타그램,골프,,,,,,
98,여행스타그램99.jpg,전신스타그램,좋아요반사,전신샷,좋반테러,좋반,친구,맞팔선팔환영,followforfollowback,좋,분위기,셀스타그램,좋아요,여행,셀카,흑발,좋아요테러,셀피,맞팔,fff,얼스타,여행스타그램,카메라,f4f,얼스타그램,셀카그램,fashion,얼굴,맞팔해요,02,01
99,여행스타그램100.jpg,travel,얼스타그램,kidslook,샤넬,신세계백화점,kidsfashion,셀스타그램,데일리,신세계센텀시티,맛스타그램,여행스타그램,버버리,셀피,chanel,일상,trip,산책,맘스타그램,daily,burberry,여행,센텀,데일리룩,,,,,,,
100,여행스타그램101.jpg,숲,코로나,염시차니가말했다,오션뷰,신혼여행,여행,셀카,서피비치,마운틴뷰,낙산비치호텔,뒷태미녀,신혼부부,셀스타그램,셀피,selfie,강릉,여행에미치다,속초,강원도,신혼스타그램,selka,양양,트래블러,동해,여행스타그램,허니문,넌뒷모습이예뻐,,,
101,여행스타그램102.jpg,파미아베크,아베크진아,결혼식하객패션,해리단길,파미,디피샷,큐리앰플,센텀맛집,하객룩,해운대카페,체크자켓,자켓맛집,유산균쿠션,여행스타그램,기장카페,청바지맛집,전포카페,해운대맛집,파미뷰티,달맞이카페,꾸안꾸맛집,서면맛집,에쎌로쿠션,꾸안꾸룩,간절기룩,큐리팩,닥터이너그린,,,
102,여행스타그램103.jpg,럽스타그램,photograph,00log,캐논100d,사진스타그램,여행스타그램,개나리,일상스냅,스냅사진,데이트,canonphotography,감성사진,일상,,,,,,,,,,,,,,,,,
103,여행스타그램104.jpg,소통,잠실카페,dailylook,오오티디,인친,팔로우,싱글자켓,좋반,트렌치코트,데일리룩,여자의류쇼핑몰,키작녀코디,카페스타그램,봄세일,봄자켓,니트,좋테,트위드자켓,스토어팜,직장인스타그램,ootd,sale,데일리,여행스타그램,옷스타그램,봄신상,followforfollowback,가디건,송리단길,
104,여행스타그램105.jpg,장어구이,명품나루터,여수맛집,먹스타그램,명품,여행스타그램,여수횟집,여수맛집추천,졸맛탱,여수장어구이,,,,,,,,,,,,,,,,,,,,
105,여행스타그램106.jpg,첫줄,follow,신혼부부,뚜벅이,캠디,좋반,likeforlike,미니멀캠핑,인스타그램,유튜버,캠핑,팔로우,맛스타그램,백패킹,여자백패커,유부스타그램,솔캠,먹방,먹스타그램,여자캠퍼,캠핑가는디자이너,좋아요,여행스타그램,맛집,selfie,인친환영,소통,일상,,
106,여행스타그램107.jpg,구룡포해수욕장,여행스타그램,첫줄,비발디나인풀빌라,포항독체펜션,힐링,여름여행,수영장펜션,좋아요,가족여행,좋아요테러,겨울여행,선팔,포항펜션추천,가을여행,포항펜션,비발디9풀빌라,가족펜션,맞팔,키즈펜션,커플펜션,졸업여행,포항풀빌라펜션,봄여행,펜션,포항신축펜션,포항여행,첫줄반사,,
107,여행스타그램108.jpg,맞팔선팔환영,사진스타그램,거제도,사진계정맞팔,아이폰xs,맞팔,일상스타그램,여행스타그램,선팔하면맞팔,외도보타니아,추억팔이중,사진,사진계정,캐논200d,거제도여행,외도,,,,,,,,,,,,,,
108,여행스타그램109.jpg,미국자유여행,noblehouse,seattlewashington,여행기록,throwback,시애틀,바다뷰,시애틀여행,여행사진,여행스타그램,seattle,lfl,시애틀호텔,travel,travelphotography,theedgewater,fff,뷰맛집,미국서부여행,여행지추천,미서부여행,미국여행,미국서부,감성사진,여행지,throwbackpic,호텔추천,,,
109,여행스타그램110.jpg,국내여행,좋아요,청정지역,진도쏠비치,목포,온수풀,일상,여행스타그램,남해,진도여행,인티니트풀,바다,소통,딥오션,맞팔,입수,전남여행,데일리,좋반,수린이,진도,대전댁,,,,,,,,
110,여행스타그램111.jpg,themummyride,혤로,대학생소통,미니언즈라이드,혤로아메리카,미이라라이드,미국시리얼,universalstudios,쌀국수,소통,혤로여행,la유니버셜스튜디오,미국여행🇺🇸,minions,여행,미니언즈,페파피그피규어,미국서부여행,us,universalstudioshollywood,시리얼,여행스타그램,타겟,유니버셜스튜디오할리우드,트랜스포머라이드,losangeles,엘에이,싱글라이더,,
111,여행스타그램112.jpg,,,,,,,,,,,,,,,,,,,,,,,,,,,,,,
112,여행스타그램113.jpg,홈스타그램,여행스타그램,신혼일기,신혼집,임신23주차,일상스타그램,데일리,유럽여행,런던,노팅힐,임신6개월,쥐띠맘,새댁,주부일상,노팅힐포토벨로마켓,남편일상,예비맘,신혼부부,런던여행,영국여행,태교,쥐띠아들맘,라이프스타일,태교일기,신혼생활,1년전,새댁일상,주부스타그램,부부스타그램,새댁소통
113,여행스타그램114.jpg,파라다이스시티,모든게맛있는이현이,여행스타그램,,,,,,,,,,,,,,,,,,,,,,,,,,,
114,여행스타그램115.jpg,파리풍경,파리스냅,유럽여행,여행에미치다,예신,파리스냅사진,파리야경,럽스타그램,여행스타그램,유디니,파리스냅이벤트,파리스냅가치,parisphotoshoot,파리,paris,유럽어디까지가봤니,스냅맛집,파리스냅추천,에펠탑,신혼여행,신혼,파리웨딩,travelpic,,,,,,,
115,여행스타그램116.jpg,,,,,,,,,,,,,,,,,,,,,,,,,,,,,,
116,여행스타그램117.jpg,해운대맛집,전포카페,디피샷,해리단길,에쎌로쿠션,간절기룩,파미뷰티,파미,체크자켓,파미아베크,달맞이카페,결혼식하객패션,해운대카페,꾸안꾸맛집,하객룩,서면맛집,큐리팩,센텀맛집,청바지맛집,자켓맛집,꾸안꾸룩,닥터이너그린,기장카페,여행스타그램,큐리앰플,아베크진아,유산균쿠션,,,
117,여행스타그램118.jpg,,,,,,,,,,,,,,,,,,,,,,,,,,,,,,
118,여행스타그램119.jpg,selfie,화이트포메라이언,포메,흔남,운치있네☔,맞팔,속초투어,복두꺼비,여행에미치다,나혼자산다,셀카그램,여행스타그램,선팔맞팔,맞팔해요,희망소원성취,선팔하면맞팔,여행,셀카,블랙탄포메,먹방,길에서길을묻다,직장인스타그램,선팔👍,먹방스타그램,여행중독,산책스타그램,포메라니안,낙산사,,
119,여행스타그램120.jpg,쭈꾸미,커플,daily,여행스타그램,먹방,fff,술스타그램,ootd,럽스타그램,lfl,팔로우,like,선팔,먹스타그램,맞팔,여행,좋아요,대전,인천,소래포구,샤브샤브,데이트,여행에미치다,date,일상,우럭,인친,꽃게찜,소통,
120,여행스타그램121.jpg,,,,,,,,,,,,,,,,,,,,,,,,,,,,,,
121,여행스타그램122.jpg,담양,담양글램핑,머리카락,광주,위생,바베큐,여행스타그램,내돈주고쓰는후기,비추,캠핑,솔직후기,라연궁,글램핑,주말,일상,담양퀸즈캐슬,평일,여행,데이트,퀸즈카페,더러워,연인,퀸즈캐슬,,,,,,,
122,여행스타그램123.jpg,셀스타그램,인스타그램,선팔하면맞팔,얼스타그램,좋반,소통,댓글,소통해요,likeforlikes,셀카,맞팔,팔로우,팔로미,좋아요반사,일상,좋아요,followme,일상스타그램,셀피,daily,데일리,ootd,likes,선팔,맞팔해요,instagram,인스타,오오티디,,
123,여행스타그램124.jpg,좋반,likeforlikes,follow4like,얼스타그램,인친해요,여행스타그램,소통해요,좋아요테러,좋반테러,선팔,최근게시물반사,일상소통,맞좋아요,셀스타그램,선팔환영,페친,followme,안산,인기게시물,좋아요반사,의정부,일상스타그램,맞팔선팔,followforfollowback,선팔하면맞팔,맞팔댓글,팔로우늘리기,likeforfollow,팔로우,
124,여행스타그램125.jpg,서면,like4likes,선팔,follow4like,팔로워,해운대,좋아요반사,coffee,부산,카페스타그램,ootd,맞팔선팔환영,좋반,카페,여행스타그램,신메뉴,좋아요,데일리,부산카페,전포카페거리,소통,일상,스타벅스,,,,,,,
125,여행스타그램126.jpg,f4f,선팔,フォローバック,美女,다렉,fff,l4l,좋아요반사,l4f,선팔하면맞팔,맞팔환영,팔로우,ootd,like4follow,いいね返し,맞팔,韩国人,좋아요테러,likeforlikes,follow4like,followforfollowback,いいね返します,선팔맞팔,좋반,いいねした人全員ファローする,留学生,좋아요,맞팔해요,,
126,여행스타그램127.jpg,일상,운동스타그램,선팔하면맞팔,좋아요반사,소통,맞팔환영,뷰티,인친,좋아요,팔로우,셀피,서울,홍대,데일리,부산,selfie,아이폰8,follow,인스타그램,서면,여행스타그램,음식스타그램,소통해요,followforfollowback,좋반,선팔,셀카,셀스타그램,맞팔,얼스타그램
127,여행스타그램128.jpg,여행스타그램,오오티디,데일리,강원도여행,선팔하면맞팔,아기모델,일상공유,딸스타그램,셀카,양양펜션,좋댓,아기옷모델,좋반댓,여행에미치다,인스타베이비,셀피,맞팔선팔,아기일상,베이비,예쁜아기,뷰맛집,여행,데일리룩,팔로우,좋반,양양여행,첫줄반사,좋아요,패피아기,일상소통
128,여행스타그램129.jpg,댓글소통,하남스타필드,하남맛집,카페치즈켁,일상,카페오픈,여행스타그램,하남미사카페,여행,치즈케이크맛집,미사리조정경기장,사진,하남디저트카페,직장인스타그램,치즈케이크,오오티디,소통,생크림스콘,하남핫플,하남카페맛집,미사카페,카페오픈준비중,하남카페,르뱅쿠키,좋아요,cafe_cheesecakk,cafe,하남카페추천,치즈켁,대파치즈스콘
129,여행스타그램130.jpg,포항여행,슬로우오션,오션뷰,대구맛집,instadaily,감성,selfie,좋아요,daily,데일리,카페스타그램,travel,데일리룩,일상,먹방,인테리어,포항,셀스타그램,포항펜션추천,카페투어,여행스타그램,dailylook,카페,셀피,풀빌라펜션,ootd,펜션추천,cafe,오오티디,아이폰
130,여행스타그램131.jpg,,,,,,,,,,,,,,,,,,,,,,,,,,,,,,
131,여행스타그램132.jpg,홍대,팔로우,좋아요,광안리,여행스타그램,맞팔,소통,맛집,럽스타그램,일상스타그램,인스타,서면,동성로,얼스타그램,셀스타그램,데일리,좋아요반사,셀카,해운대,이태원,셀피,한남동,아이폰,먹스타그램,오오티디,일상,패션,신사동,,
132,여행스타그램133.jpg,,,,,,,,,,,,,,,,,,,,,,,,,,,,,,
133,여행스타그램134.jpg,필름사진,제주도,malgm_film,봄,맑음_제주에머물다,portra160,맑음_봄을담다,제주도벚꽃,무보정,제주도여행,캐논ae1,canonae1,jejudo,포트라160,벚꽃,,,,,,,,,,,,,,,
134,여행스타그램135.jpg,,,,,,,,,,,,,,,,,,,,,,,,,,,,,,
135,여행스타그램136.jpg,,,,,,,,,,,,,,,,,,,,,,,,,,,,,,
136,여행스타그램137.jpg,선팔하면맞팔,가로수길,구시청,맞팔댓글,여행스타그램,뷰티스타그램,follow4like,팔로우,followforfollowback,좋아요반사,훈녀,좋아요테러,일상소통,훈남,좋반,좋반테러,광주,선팔환영,likeforfollow,likeforlikes,선팔,셀스타그램,얼스타그램,맞팔선팔,상무지구,,,,,
137,여행스타그램138.jpg,카페투어,instagood,l4like,여행스타그램,f4f,likeforlikes,좋테,전신샷,태그원,instamood,청주핫플,likeforfollow,좋아요반사,소통해요,following,좋반,likeme,팔로우미,일상스타그램,,,,,,,,,,,
138,여행스타그램139.jpg,여행,전주여행,전주,여행스타그램,한복,,,,,,,,,,,,,,,,,,,,,,,,,
139,여행스타그램140.jpg,가온_부산,여행스타그램,영도카페,국내여행지,데일리,여행에미치다_국내,부산여행,부산맛집추천,흰여울마을,기장오션뷰카페,좋아요반사,부산여행코스,여행다녀왔습니다,영도흰여울길,기장카페,일상,부산카페추천,해운대카페,웨이브온,오션뷰카페,,,,,,,,,,
140,여행스타그램141.jpg,ariasnewyork,,,,,,,,,,,,,,,,,,,,,,,,,,,,,
141,여행스타그램142.jpg,신세계백화점,kidslook,산책,travel,데일리,trip,chanel,데일리룩,맛스타그램,burberry,센텀,샤넬,셀피,kidsfashion,얼스타그램,daily,신세계센텀시티,여행스타그램,셀스타그램,일상,맘스타그램,여행,버버리,,,,,,,
142,여행스타그램143.jpg,염시차니가말했다,트래블러,selka,낙산비치호텔,신혼여행,강원도,강릉,마운틴뷰,숲,동해,서피비치,넌뒷모습이예뻐,코로나,신혼부부,허니문,셀스타그램,여행에미치다,여행스타그램,selfie,셀피,오션뷰,셀카,속초,양양,뒷태미녀,여행,신혼스타그램,,,
143,여행스타그램144.jpg,닥터이너그린,자켓맛집,여행스타그램,디피샷,꾸안꾸룩,기장카페,센텀맛집,큐리앰플,달맞이카페,파미뷰티,에쎌로쿠션,체크자켓,아베크진아,큐리팩,해리단길,해운대맛집,청바지맛집,유산균쿠션,하객룩,전포카페,파미,결혼식하객패션,서면맛집,파미아베크,꾸안꾸맛집,간절기룩,해운대카페,,,
144,여행스타그램145.jpg,개나리,사진스타그램,감성사진,데이트,canonphotography,여행스타그램,일상스냅,럽스타그램,일상,캐논100d,00log,스냅사진,photograph,,,,,,,,,,,,,,,,,
145,여행스타그램146.jpg,인친,카페스타그램,옷스타그램,봄신상,봄세일,여행스타그램,좋테,데일리룩,sale,송리단길,트위드자켓,잠실카페,followforfollowback,트렌치코트,가디건,직장인스타그램,dailylook,니트,데일리,봄자켓,싱글자켓,오오티디,키작녀코디,팔로우,여자의류쇼핑몰,ootd,스토어팜,좋반,소통,
146,여행스타그램147.jpg,장어구이,명품,여행스타그램,여수맛집추천,먹스타그램,명품나루터,여수맛집,여수장어구이,졸맛탱,여수횟집,,,,,,,,,,,,,,,,,,,,
147,여행스타그램148.jpg,여자백패커,여행스타그램,뚜벅이,likeforlike,여자캠퍼,소통,follow,맛집,미니멀캠핑,좋반,솔캠,먹스타그램,백패킹,먹방,유튜버,캠핑가는디자이너,유부스타그램,좋아요,첫줄,신혼부부,인스타그램,캠디,팔로우,캠핑,인친환영,맛스타그램,selfie,일상,,
148,여행스타그램149.jpg,펜션,키즈펜션,포항펜션,포항신축펜션,포항독체펜션,겨울여행,가족펜션,봄여행,가을여행,포항펜션추천,좋아요,첫줄,졸업여행,첫줄반사,가족여행,수영장펜션,힐링,비발디나인풀빌라,여름여행,커플펜션,비발디9풀빌라,선팔,여행스타그램,맞팔,포항풀빌라펜션,좋아요테러,포항여행,구룡포해수욕장,,
149,여행스타그램150.jpg,사진스타그램,일상스타그램,거제도,외도보타니아,사진,맞팔,외도,선팔하면맞팔,아이폰xs,캐논200d,거제도여행,맞팔선팔환영,사진계정,추억팔이중,사진계정맞팔,여행스타그램,,,,,,,,,,,,,,
150,여행스타그램151.jpg,여행사진,바다뷰,호텔추천,seattle,throwback,여행지,여행지추천,뷰맛집,미국서부여행,감성사진,시애틀호텔,seattlewashington,미국서부,travelphotography,여행스타그램,시애틀여행,여행기록,미국여행,미서부여행,lfl,시애틀,theedgewater,미국자유여행,travel,fff,noblehouse,throwbackpic,,,
151,여행스타그램152.jpg,온수풀,딥오션,데일리,좋반,대전댁,일상,국내여행,바다,진도여행,여행스타그램,남해,전남여행,소통,입수,수린이,진도쏠비치,인티니트풀,좋아요,맞팔,청정지역,진도,목포,,,,,,,,
152,여행스타그램153.jpg,유니버셜스튜디오할리우드,la유니버셜스튜디오,혤로,universalstudioshollywood,losangeles,themummyride,타겟,페파피그피규어,us,혤로여행,엘에이,미이라라이드,쌀국수,미니언즈,미국여행🇺🇸,minions,여행,여행스타그램,대학생소통,미국시리얼,universalstudios,미국서부여행,트랜스포머라이드,혤로아메리카,미니언즈라이드,싱글라이더,시리얼,소통,,
153,여행스타그램154.jpg,,,,,,,,,,,,,,,,,,,,,,,,,,,,,,
154,여행스타그램155.jpg,노팅힐포토벨로마켓,데일리,홈스타그램,주부일상,부부스타그램,신혼집,예비맘,런던여행,신혼부부,영국여행,노팅힐,임신23주차,새댁,유럽여행,1년전,임신6개월,일상스타그램,새댁일상,주부스타그램,신혼생활,태교일기,태교,쥐띠아들맘,런던,신혼일기,여행스타그램,라이프스타일,쥐띠맘,남편일상,새댁소통
155,여행스타그램156.jpg,모든게맛있는이현이,파라다이스시티,여행스타그램,,,,,,,,,,,,,,,,,,,,,,,,,,,
156,여행스타그램157.jpg,파리스냅사진,여행스타그램,파리,파리풍경,에펠탑,여행에미치다,파리웨딩,파리스냅이벤트,파리야경,travelpic,유럽여행,예신,신혼,유럽어디까지가봤니,유디니,스냅맛집,paris,파리스냅가치,파리스냅추천,파리스냅,parisphotoshoot,신혼여행,럽스타그램,,,,,,,
157,여행스타그램158.jpg,,,,,,,,,,,,,,,,,,,,,,,,,,,,,,
158,여행스타그램159.jpg,꾸안꾸룩,파미뷰티,디피샷,파미,청바지맛집,결혼식하객패션,하객룩,체크자켓,꾸안꾸맛집,해운대맛집,센텀맛집,전포카페,기장카페,에쎌로쿠션,큐리팩,간절기룩,자켓맛집,큐리앰플,해리단길,여행스타그램,서면맛집,닥터이너그린,유산균쿠션,파미아베크,해운대카페,달맞이카페,아베크진아,,,
159,여행스타그램160.jpg,,,,,,,,,,,,,,,,,,,,,,,,,,,,,,
160,여행스타그램161.jpg,산책스타그램,맞팔해요,선팔맞팔,선팔하면맞팔,여행에미치다,화이트포메라이언,복두꺼비,맞팔,길에서길을묻다,셀카,낙산사,직장인스타그램,운치있네☔,먹방,블랙탄포메,selfie,포메,흔남,여행,희망소원성취,여행스타그램,나혼자산다,먹방스타그램,속초투어,포메라니안,셀카그램,여행중독,선팔👍,,
161,여행스타그램162.jpg,여행스타그램,럽스타그램,인친,샤브샤브,우럭,대전,여행,소통,ootd,맞팔,꽃게찜,쭈꾸미,술스타그램,커플,소래포구,팔로우,좋아요,인천,여행에미치다,daily,데이트,먹스타그램,lfl,date,like,선팔,먹방,일상,fff,
162,여행스타그램163.jpg,,,,,,,,,,,,,,,,,,,,,,,,,,,,,,
163,여행스타그램164.jpg,비추,평일,퀸즈카페,위생,광주,담양,일상,여행,주말,데이트,여행스타그램,담양퀸즈캐슬,바베큐,솔직후기,캠핑,퀸즈캐슬,라연궁,글램핑,연인,담양글램핑,더러워,머리카락,내돈주고쓰는후기,,,,,,,
164,여행스타그램165.jpg,거울샷,instadaily,패션,패션스타그램,좋아요반사,선팔맞팔,selfie,likelike,lol,다이렉트,오늘의훈남,셀스타그램,ootd,fff,좋아요,셀카,좋아요테러,selfies,소통,life,셀피,instalike,일상,팔로우,selebgram,얼스타그램,f4f,instafollow,일상스타그램,
165,여행스타그램166.jpg,인친해요,followforfollowback,선팔,맞팔댓글,소통해요,좋아요테러,맞좋아요,일상소통,선팔환영,좋아요반사,followme,최근게시물반사,팔로우,페친,셀스타그램,의정부,여행스타그램,likeforlikes,맞팔선팔,follow4like,좋반,팔로우늘리기,인기게시물,좋반테러,얼스타그램,일상스타그램,선팔하면맞팔,likeforfollow,안산,
166,여행스타그램167.jpg,맞팔선팔환영,ootd,해운대,좋아요반사,like4likes,coffee,데일리,소통,신메뉴,선팔,카페,서면,전포카페거리,여행스타그램,부산카페,일상,팔로워,카페스타그램,follow4like,좋반,좋아요,스타벅스,부산,,,,,,,
167,여행스타그램168.jpg,구시청,상무지구,홍대,선팔,likeforfollow,좋반테러,좋반,일상소통,인기게시물,인친해요,페친,맞좋아요,셀스타그램,뷰티스타그램,선팔하면맞팔,맞팔선팔,팔로우늘리기,얼스타그램,맞팔,좋아요반사,followforfollwback,최근게시물반사,맞팔댓글,follow4like,선팔환영,여행스타그램,likeforlikes,followme,팔로우,소통해요
168,여행스타그램169.jpg,인스타그램,맞팔,얼스타그램,셀카,선팔,follow,selfie,인친,데일리,서울,좋반,followforfollowback,여행스타그램,셀피,셀스타그램,소통,일상,서면,좋아요반사,좋아요,아이폰8,소통해요,선팔하면맞팔,부산,홍대,팔로우,음식스타그램,맞팔환영,뷰티,운동스타그램
169,여행스타그램170.jpg,여행스타그램,좋아요,아기옷모델,오오티디,데일리룩,좋반,아기일상,첫줄반사,예쁜아기,베이비,패피아기,양양여행,셀카,팔로우,강원도여행,뷰맛집,선팔하면맞팔,일상공유,인스타베이비,딸스타그램,여행에미치다,데일리,맞팔선팔,일상소통,좋댓,양양펜션,좋반댓,아기모델,여행,셀피
170,여행스타그램171.jpg,치즈케이크맛집,댓글소통,소통,일상,cafe_cheesecakk,치즈케이크,하남미사카페,미사카페,미사리조정경기장,좋아요,사진,하남카페,오오티디,치즈켁,여행,cafe,하남맛집,하남스타필드,생크림스콘,카페오픈,카페오픈준비중,직장인스타그램,하남디저트카페,카페치즈켁,르뱅쿠키,하남핫플,대파치즈스콘,하남카페추천,여행스타그램,하남카페맛집
171,여행스타그램172.jpg,cafe,펜션추천,먹방,셀피,데일리,포항여행,오션뷰,오오티디,여행스타그램,ootd,풀빌라펜션,selfie,감성,instadaily,카페투어,대구맛집,좋아요,슬로우오션,일상,카페,인테리어,travel,카페스타그램,데일리룩,dailylook,포항펜션추천,daily,포항,셀스타그램,아이폰
172,여행스타그램173.jpg,,,,,,,,,,,,,,,,,,,,,,,,,,,,,,
173,여행스타그램174.jpg,이태원,좋아요반사,광안리,서면,럽스타그램,한남동,얼스타그램,해운대,셀스타그램,아이폰,일상,맞팔,먹스타그램,인스타,홍대,맛집,소통,패션,오오티디,좋아요,동성로,일상스타그램,신사동,셀피,데일리,팔로우,여행스타그램,셀카,,
174,여행스타그램175.jpg,맞팔,좋아요반사,일상,일상스타그램,헬스타그램,instadaily,맞팔환영,데일리,인스타데일리,선팔맞팔,카페스타그램,오오티디,운동스타그램,셀스타그램,데일리그램,cafe,아이폰11프로,like4like,여행,먹스타그램,daily,여행스타그램,카페,selca,좋반,셀피,ootd,selfie,팔로우,좋아요
175,여행스타그램176.jpg,,,,,,,,,,,,,,,,,,,,,,,,,,,,,,
176,여행스타그램177.jpg,일상,여자축구화이팅,그림스타그램네팔여행,축구덕후,팔로우,보인다네팔,fan,여행스타그램,일러스트,행복,그림일기,그림,인스타툰,webtoon,좋아요,football,,,,,,,,,,,,,,
177,여행스타그램178.jpg,가을,20대,펜션추천,팔로우반사,펜션여행,여행스타그램,경기도여행,가평여행,여행에미치다,데일리그램,팔로우,백수그램,가평펜션,여행그램,봄,맞팔,선팔하면맞팔,좋아요,팔로우미,쏭쏭_펜션,인친,선팔하면맞팔가요,선팔,팔로우환영,,,,,,
178,여행스타그램179.jpg,,,,,,,,,,,,,,,,,,,,,,,,,,,,,,
179,여행스타그램180.jpg,date,photooftheday,daily,photography,데일리룩,수원,여행스타그램,travelstagram,좋아요,likes,오오티디,travel,국내여행,photoshoot,me,셀스타그램,럽스타그램,여행,일상,여행그램,데일리,여행에미치다,ootd,일상스타그램,photo,instadaily,데이트,,,
180,여행스타그램181.jpg,소통,followforfollowback,맞팔해요,선팔맞팔,맞팔선팔환영,첫줄반사,좋아요반사,고3,선팔하면맞팔가요,오오티디,likeforlikes,좋아요,follow,일상스타그램,팔로우,맞팔,일상,fff,f4f,좋반,소통해요,첫줄,19살,선팔,팔로우늘리기,좋반테러,,,,
181,여행스타그램182.jpg,소통,카페,여행스타그램,좋아요반사,선팔,카페스타그램,서면,ootd,부산,신메뉴,팔로워,일상,스타벅스,좋아요,해운대,좋반,부산카페,like4likes,follow4like,전포카페거리,데일리,맞팔선팔환영,coffee,,,,,,,
182,여행스타그램183.jpg,,,,,,,,,,,,,,,,,,,,,,,,,,,,,,
183,여행스타그램184.jpg,일상스타그램,팔로우,여행스타그램,flower,dm,ootd,첫줄,홍대,instadaily,instagram,셀카,강남,얼스타그램,헬스타그램,daily,좋반,좋아요,인친,셀피,일상,dailylook,서면,데일리,,,,,,,
184,여행스타그램185.jpg,selca,맞팔,인친,ootd,일상스타그램,인스타그램,셀카,감성,서팔하면맞팔,데일리,맞팔선팔,fff,셀피,팔로잉,셀피스타그램,follow4follow,소통,인스타,셀스타그램,selstagram,like4like,댓글,일상,좋아요반사,selfie,좋아요,얼스타그램,맞팔해요,,
185,여행스타그램186.jpg,사진,유디니_유럽,여행에미치다,travelgram,photo,paris,추억팔이,pic,유디니_파리,색감,picture,photography,travelphotography,좋반,파리,여행사진정리,좋아요반사,좋아요,streetphotography,감성사진,사진계정,travel,취미사진,여행,여행스타그램,감성,유디니,사진보정,스냅사진,여행사진
186,여행스타그램187.jpg,,,,,,,,,,,,,,,,,,,,,,,,,,,,,,
187,여행스타그램188.jpg,jejudo,malgm_film,필름사진,포트라160,제주도벚꽃,맑음_제주에머물다,제주도,봄,제주도여행,캐논ae1,맑음_봄을담다,canonae1,portra160,무보정,벚꽃,,,,,,,,,,,,,,,
188,여행스타그램189.jpg,,,,,,,,,,,,,,,,,,,,,,,,,,,,,,
189,여행스타그램190.jpg,,,,,,,,,,,,,,,,,,,,,,,,,,,,,,
190,여행스타그램191.jpg,맞팔선팔,좋반테러,followforfollowback,likeforlikes,상무지구,맞팔댓글,좋아요테러,훈남,뷰티스타그램,선팔,좋반,팔로우,여행스타그램,선팔하면맞팔,가로수길,선팔환영,구시청,훈녀,likeforfollow,follow4like,좋아요반사,광주,얼스타그램,셀스타그램,일상소통,,,,,
191,여행스타그램192.jpg,태그원,following,소통해요,f4f,일상스타그램,전신샷,likeforlikes,instamood,likeforfollow,좋반,여행스타그램,instagood,likeme,좋아요반사,팔로우미,청주핫플,카페투어,좋테,l4like,,,,,,,,,,,
192,여행스타그램193.jpg,전주여행,전주,여행스타그램,한복,여행,,,,,,,,,,,,,,,,,,,,,,,,,
193,여행스타그램194.jpg,여행에미치다_국내,일상,기장카페,데일리,좋아요반사,영도카페,부산맛집추천,해운대카페,가온_부산,웨이브온,오션뷰카페,흰여울마을,부산카페추천,여행다녀왔습니다,여행스타그램,영도흰여울길,국내여행지,기장오션뷰카페,부산여행,부산여행코스,,,,,,,,,,
194,여행스타그램195.jpg,ariasnewyork,,,,,,,,,,,,,,,,,,,,,,,,,,,,,
195,여행스타그램196.jpg,,,,,,,,,,,,,,,,,,,,,,,,,,,,,,
196,,,,,,,,,,,,,,,,,,,,,,,,,,,,,,,
197,여행스타그램198.jpg,여행스타그램,모든게맛있는이현이,파라다이스시티,,,,,,,,,,,,,,,,,,,,,,,,,,,
198,여행스타그램199.jpg,유디니,에펠탑,스냅맛집,파리스냅사진,파리야경,parisphotoshoot,유럽여행,travelpic,여행에미치다,파리풍경,paris,파리스냅추천,파리웨딩,신혼여행,파리,신혼,여행스타그램,유럽어디까지가봤니,예신,파리스냅가치,럽스타그램,파리스냅,파리스냅이벤트,,,,,,,
199,여행스타그램200.jpg,,,,,,,,,,,,,,,,,,,,,,,,,,,,,,
200,여행스타그램201.jpg,파미뷰티,전포카페,꾸안꾸룩,파미아베크,달맞이카페,결혼식하객패션,큐리앰플,해운대맛집,해운대카페,해리단길,유산균쿠션,아베크진아,디피샷,큐리팩,에쎌로쿠션,체크자켓,청바지맛집,여행스타그램,꾸안꾸맛집,센텀맛집,기장카페,파미,서면맛집,자켓맛집,하객룩,간절기룩,닥터이너그린,,,
201,여행스타그램202.jpg,,,,,,,,,,,,,,,,,,,,,,,,,,,,,,
202,여행스타그램203.jpg,맞팔,여행중독,선팔👍,직장인스타그램,먹방스타그램,맞팔해요,여행,블랙탄포메,선팔맞팔,selfie,먹방,희망소원성취,운치있네☔,셀카그램,복두꺼비,셀카,여행에미치다,길에서길을묻다,여행스타그램,속초투어,포메,선팔하면맞팔,나혼자산다,포메라니안,산책스타그램,낙산사,화이트포메라이언,흔남,,
203,여행스타그램204.jpg,fff,일상,좋아요,꽃게찜,럽스타그램,대전,date,여행에미치다,샤브샤브,여행,데이트,먹스타그램,lfl,소래포구,선팔,like,커플,daily,팔로우,쭈꾸미,인천,ootd,여행스타그램,맞팔,우럭,술스타그램,소통,먹방,인친,
204,여행스타그램205.jpg,,,,,,,,,,,,,,,,,,,,,,,,,,,,,,
205,여행스타그램206.jpg,솔직후기,담양퀸즈캐슬,바베큐,퀸즈카페,비추,퀸즈캐슬,내돈주고쓰는후기,머리카락,광주,연인,데이트,여행스타그램,일상,더러워,평일,주말,캠핑,여행,담양글램핑,위생,라연궁,글램핑,담양,,,,,,,
206,여행스타그램207.jpg,협찬,좋아요테러,첫줄,followme,상무지구,좋아요반사,selfie,00,셀카그램,셀피,셀카,맞팔,강남,카페,likeforfollow,instagram,like4like,훈남,좋아요,선팔,instagood,모델,광주,좋반,선팔환영,f4f,훈녀,인친,follow,소통
207,여행스타그램208.jpg,팔로우늘리기,followme,좋아요반사,좋아요테러,일상소통,팔로우,followforfollowback,얼스타그램,likeforfollow,인기게시물,맞팔댓글,소통해요,선팔,선팔하면맞팔,셀스타그램,인친해요,의정부,follow4like,페친,likeforlikes,최근게시물반사,맞좋아요,맞팔선팔,선팔환영,좋반테러,좋반,일상스타그램,안산,여행스타그램,
208,여행스타그램209.jpg,좋반,카페스타그램,좋아요,일상,부산카페,맞팔선팔환영,전포카페거리,coffee,소통,follow4like,like4likes,부산,선팔,카페,좋아요반사,스타벅스,여행스타그램,신메뉴,ootd,해운대,데일리,팔로워,서면,,,,,,,
209,여행스타그램210.jpg,최근게시물반사,선팔환영,구시청,followforfollwback,맞팔댓글,인친해요,likeforlikes,얼스타그램,선팔하면맞팔,맞팔선팔,일상소통,팔로우늘리기,맞좋아요,좋아요반사,뷰티스타그램,좋반,상무지구,소통해요,선팔,팔로우,맞팔,좋반테러,여행스타그램,인기게시물,셀스타그램,followme,follow4like,likeforfollow,페친,홍대
210,여행스타그램211.jpg,음식스타그램,얼스타그램,데일리,선팔하면맞팔,팔로우,소통,좋아요,맞팔환영,셀카,셀피,아이폰8,좋아요반사,선팔,부산,홍대,셀스타그램,서울,여행스타그램,소통해요,뷰티,일상,인친,맞팔,서면,인스타그램,selfie,follow,좋반,followforfollowback,운동스타그램
211,여행스타그램212.jpg,맞팔선팔,데일리,여행,인스타베이비,예쁜아기,좋댓,아기일상,오오티디,좋반댓,뷰맛집,강원도여행,좋반,선팔하면맞팔,아기옷모델,셀카,양양펜션,여행에미치다,일상공유,베이비,팔로우,아기모델,여행스타그램,양양여행,셀피,좋아요,딸스타그램,데일리룩,일상소통,패피아기,첫줄반사
212,여행스타그램213.jpg,카페오픈준비중,cafe,하남디저트카페,일상,댓글소통,오오티디,카페치즈켁,cafe_cheesecakk,치즈케이크,하남카페,생크림스콘,르뱅쿠키,여행,직장인스타그램,치즈케이크맛집,미사카페,하남맛집,하남미사카페,카페오픈,사진,하남카페맛집,미사리조정경기장,좋아요,소통,하남스타필드,여행스타그램,하남카페추천,대파치즈스콘,하남핫플,치즈켁
213,여행스타그램214.jpg,여행스타그램,travel,cafe,ootd,대구맛집,카페스타그램,카페투어,dailylook,슬로우오션,먹방,풀빌라펜션,셀스타그램,daily,selfie,오오티디,instadaily,아이폰,펜션추천,셀피,오션뷰,카페,일상,포항여행,좋아요,포항펜션추천,데일리,감성,데일리룩,포항,인테리어
214,여행스타그램215.jpg,,,,,,,,,,,,,,,,,,,,,,,,,,,,,,
215,여행스타그램216.jpg,좋아요,맛집,오오티디,먹스타그램,동성로,데일리,한남동,해운대,서면,인스타,아이폰,여행스타그램,일상,럽스타그램,셀카,셀피,광안리,패션,일상스타그램,맞팔,좋아요반사,홍대,셀스타그램,소통,팔로우,이태원,얼스타그램,신사동,,
216,여행스타그램217.jpg,셀스타그램,selca,daily,헬스타그램,일상스타그램,맞팔,like4like,좋반,selfie,ootd,인스타데일리,여행,팔로우,여행스타그램,선팔맞팔,오오티디,데일리그램,cafe,셀피,instadaily,맞팔환영,좋아요,아이폰11프로,카페스타그램,좋아요반사,데일리,먹스타그램,카페,운동스타그램,일상
217,여행스타그램218.jpg,,,,,,,,,,,,,,,,,,,,,,,,,,,,,,
218,여행스타그램219.jpg,행복,그림스타그램네팔여행,여행스타그램,좋아요,여자축구화이팅,인스타툰,webtoon,그림,보인다네팔,축구덕후,그림일기,fan,일러스트,football,팔로우,일상,,,,,,,,,,,,,,
219,여행스타그램220.jpg,선팔하면맞팔,선팔하면맞팔가요,펜션추천,데일리그램,가평여행,팔로우,팔로우미,팔로우환영,인친,선팔,백수그램,팔로우반사,여행에미치다,펜션여행,경기도여행,좋아요,가을,봄,맞팔,가평펜션,쏭쏭_펜션,20대,여행그램,여행스타그램,,,,,,
220,여행스타그램221.jpg,,,,,,,,,,,,,,,,,,,,,,,,,,,,,,
221,여행스타그램222.jpg,데이트,date,여행,photo,여행그램,ootd,photography,likes,국내여행,photooftheday,셀스타그램,일상스타그램,me,instadaily,여행에미치다,travelstagram,럽스타그램,photoshoot,데일리,좋아요,daily,travel,데일리룩,수원,여행스타그램,일상,오오티디,,,
222,여행스타그램223.jpg,첫줄반사,선팔하면맞팔가요,소통해요,맞팔,follow,f4f,followforfollowback,선팔,19살,팔로우늘리기,맞팔해요,팔로우,소통,일상,첫줄,좋아요반사,선팔맞팔,맞팔선팔환영,고3,좋아요,likeforlikes,좋반테러,fff,오오티디,일상스타그램,좋반,,,,
223,여행스타그램224.jpg,소통,부산,좋아요반사,follow4like,coffee,신메뉴,스타벅스,여행스타그램,ootd,like4likes,맞팔선팔환영,좋아요,좋반,해운대,일상,서면,팔로워,선팔,카페스타그램,부산카페,전포카페거리,카페,데일리,,,,,,,
224,여행스타그램225.jpg,,,,,,,,,,,,,,,,,,,,,,,,,,,,,,
225,여행스타그램226.jpg,데일리,홍대,flower,instagram,좋아요,인친,셀피,ootd,일상,dm,instadaily,좋반,서면,dailylook,셀카,일상스타그램,얼스타그램,첫줄,강남,팔로우,여행스타그램,daily,헬스타그램,,,,,,,
226,여행스타그램227.jpg,fff,ootd,댓글,맞팔해요,셀스타그램,셀피,서팔하면맞팔,일상스타그램,like4like,셀피스타그램,맞팔,인스타그램,인스타,selca,팔로잉,selstagram,맞팔선팔,좋아요,일상,소통,감성,인친,selfie,좋아요반사,얼스타그램,follow4follow,데일리,셀카,,
227,여행스타그램228.jpg,여행사진정리,사진,여행사진,travel,photo,유디니,picture,좋반,travelphotography,파리,취미사진,스냅사진,사진계정,추억팔이,streetphotography,좋아요반사,paris,travelgram,좋아요,색감,유디니_파리,사진보정,여행스타그램,유디니_유럽,pic,여행,감성,감성사진,여행에미치다,photography
228,여행스타그램229.jpg,followmee,맞팔선팔,좋반,셀스타그램,뷰티스타그램,followforfollowback,likeforfollow,선팔환영,맞팔댓글,인기게시물,likeforlikes,여행스타그램,인친해요,팔로우,선팔하면맞팔,상무지구,좋아요반사,소통해요,좋반테러,팔로우늘리기,좋아요테러,맞좋아요,구시청,페친,선팔,최근게시물반사,일상소통,홍대,follow4like,얼스타그램
229,여행스타그램230.jpg,일상스타그램,선팔환영,likeforfollow,followme,일상소통,선팔하면맞팔,팔로우,좋반테러,좋아요반사,좋아요테러,맞팔댓글,인기게시물,팔로우늘리기,맞좋아요,follow4like,소통해요,얼스타그램,맞팔선팔,여행스타그램,안산,셀스타그램,최근게시물반사,likeforlikes,선팔,인친해요,followforfollowback,좋반,의정부,페친,
230,여행스타그램231.jpg,서울,상무지구,데일리룩,오오티디,좋아요테러,인스타,한남동,광주,좋아요반사,일상,대학생,연남동카페,instagood,like4follow,셀카,outfit,ootd,동명동,24,lll,얼스타그램,가로수길,첫줄,음대생,여행스타그램,좋반테러,selfie,첫줄좋반,아웃핏,
231,여행스타그램232.jpg,하남카페추천,치즈케이크맛집,댓글소통,미사리조정경기장,cafe,여행,좋아요,치즈케이크,하남카페맛집,cafe_cheesecakk,하남핫플,카페치즈켁,하남맛집,바스크치즈케이크,카페오픈,소통,사진,치즈켁,하남카페,미사카페,하남스타필드,일상,직장인스타그램,여행스타그램,오오티디,카페오픈준비중,하남미사카페,하남디저트카페,,
232,여행스타그램233.jpg,,,,,,,,,,,,,,,,,,,,,,,,,,,,,,
233,여행스타그램234.jpg,얼스타그램,일상스타그램,맞팔,댓글,좋반,럽스타그램,인스타그램,instagood,셀기꾼,반사,좋아요,데일리스타그램,셀카,패션,좋아요반사,팔로우,친스타그램,선팔맞팔,셀피,선팔하면맞팔,여행스타그램,선팔,19,소통,오오티디,팔로미,셀스타그램,인친,일상,데일리
234,여행스타그램235.jpg,데일리,얼스타그램,여행,좋반테러,셀스타그램,맞팔선팔환영,like4likes,likeforfollow,팔로우반사,daily,데일리그램,좋아요반사,맞팔,좋아요테러,likeforlikes,여행스타그램,팔로우늘리기,선팔하면맞팔,좋반,팔로우환영,,,,,,,,,,
235,여행스타그램236.jpg,선팔맞팔,셀피,인스타그램,얼스타그램,댓글,패션,좋아요,팔로우,일상,instagood,데일리스타그램,반사,여행스타그램,셀기꾼,일상스타그램,팔로미,인친,오오티디,셀스타그램,선팔하면맞팔,친스타그램,맞팔,19,선팔,럽스타그램,데일리,좋반,좋아요반사,소통,셀카
236,여행스타그램237.jpg,셀카,데일리스타그램,좋반,일상,소통,오오티디,맞팔,팔로미,선팔하면맞팔,일상스타그램,반사,셀기꾼,instagood,셀피,댓글,좋아요반사,선팔,패션,여행스타그램,셀스타그램,인스타그램,인친,좋아요,친스타그램,럽스타그램,선팔맞팔,팔로우,얼스타그램,19,데일리
237,여행스타그램238.jpg,팔로우반사,선팔하면맞팔,좋아요반사,얼스타그램,likeforlikes,팔로우늘리기,likeforfollow,여행,like4likes,쥬에,맞팔선팔환영,여행스타그램,좋아요테러,데일리그램,데일리,daily,좋반,셀스타그램,좋반테러,맞팔,팔로우환영,,,,,,,,,
238,여행스타그램239.jpg,데일리,셀스타그램,좋반,선팔,선팔맞팔,셀카,일상스타그램,인스타그램,팔로우,얼스타그램,셀피,소통,패션,친스타그램,좋아요,오오티디,데일리스타그램,선팔하면맞팔,맞팔,럽스타그램,반사,댓글,일상,팔로미,19,instagood,여행스타그램,셀기꾼,인친,좋아요반사
239,여행스타그램240.jpg,revengestorm,일상스타그램,홍대,선팔하면맞팔,일상,한남동,데일리,얼스타그램,선팔,서면,셀카,패션,오오티디,신사동,아이폰,먹스타그램,팔로우,소통,셀피,해운대,이태원,광안리,여행스타그램,좋아요반사,맞팔,인스타데일리,인스타,동성로,맛집,셀스타그램
240,여행스타그램241.jpg,,,,,,,,,,,,,,,,,,,,,,,,,,,,,,
241,여행스타그램242.jpg,제주도벚꽃,필름사진,캐논ae1,벚꽃,맑음_봄을담다,portra160,봄,제주도여행,제주도,canonae1,무보정,맑음_제주에머물다,malgm_film,포트라160,jejudo,,,,,,,,,,,,,,,
242,여행스타그램243.jpg,,,,,,,,,,,,,,,,,,,,,,,,,,,,,,
243,여행스타그램244.jpg,,,,,,,,,,,,,,,,,,,,,,,,,,,,,,
244,여행스타그램245.jpg,여행스타그램,follow4like,셀스타그램,선팔하면맞팔,선팔환영,훈녀,좋아요반사,likeforlikes,구시청,광주,좋아요테러,likeforfollow,followforfollowback,가로수길,맞팔댓글,얼스타그램,팔로우,훈남,상무지구,좋반테러,좋반,뷰티스타그램,일상소통,선팔,맞팔선팔,,,,,
245,여행스타그램246.jpg,일상스타그램,카페투어,팔로우미,좋반,소통해요,좋테,청주핫플,likeforfollow,likeme,likeforlikes,좋아요반사,l4like,following,instamood,instagood,태그원,f4f,전신샷,여행스타그램,,,,,,,,,,,
246,여행스타그램247.jpg,여행스타그램,전주,여행,전주여행,한복,,,,,,,,,,,,,,,,,,,,,,,,,
247,여행스타그램248.jpg,영도카페,흰여울마을,데일리,여행에미치다_국내,해운대카페,부산여행,좋아요반사,오션뷰카페,일상,기장카페,여행다녀왔습니다,여행스타그램,부산여행코스,부산맛집추천,가온_부산,웨이브온,기장오션뷰카페,부산카페추천,국내여행지,영도흰여울길,,,,,,,,,,
248,여행스타그램249.jpg,ariasnewyork,,,,,,,,,,,,,,,,,,,,,,,,,,,,,
249,여행스타그램250.jpg,팔로우,likeforlikes,맞팔댓글,followforfollowback,팔로우늘리기,얼스타그램,선팔,맞팔선팔,좋반,좋아요반사,likeforfollow,일상스타그램,여행스타그램,좋아요테러,맞좋아요,최근게시물반사,인기게시물,좋반테러,선팔하면맞팔,follow4like,선팔환영,안산,페친,일상소통,소통해요,셀스타그램,followme,의정부,인친해요,
250,여행스타그램251.jpg,서면,맞팔선팔환영,전포카페거리,좋아요반사,좋반,신메뉴,소통,일상,해운대,follow4like,선팔,팔로워,카페스타그램,여행스타그램,coffee,좋아요,카페,ootd,부산,like4likes,스타벅스,부산카페,데일리,,,,,,,
251,여행스타그램252.jpg,,,,,,,,,,,,,,,,,,,,,,,,,,,,,,
252,여행스타그램253.jpg,아이폰8,맞팔,follow,인스타그램,맞팔환영,음식스타그램,뷰티,좋아요,서울,인친,운동스타그램,선팔하면맞팔,부산,홍대,팔로우,셀피,좋아요반사,여행스타그램,셀카,얼스타그램,좋반,followforfollowback,셀스타그램,데일리,선팔,일상,selfie,소통,서면,소통해요
253,여행스타그램254.jpg,좋아요,선팔하면맞팔,일상공유,오오티디,인스타베이비,여행스타그램,좋반,여행에미치다,예쁜아기,아기옷모델,데일리룩,양양여행,양양펜션,뷰맛집,좋댓,팔로우,셀카,강원도여행,베이비,패피아기,딸스타그램,일상소통,첫줄반사,아기일상,데일리,셀피,좋반댓,맞팔선팔,여행,아기모델
254,여행스타그램255.jpg,cafe,하남디저트카페,하남핫플,카페오픈준비중,르뱅쿠키,카페치즈켁,대파치즈스콘,치즈켁,사진,하남맛집,하남스타필드,여행스타그램,소통,카페오픈,생크림스콘,오오티디,cafe_cheesecakk,미사리조정경기장,치즈케이크맛집,하남카페,여행,좋아요,하남미사카페,하남카페맛집,미사카페,댓글소통,치즈케이크,일상,직장인스타그램,하남카페추천
255,여행스타그램256.jpg,풀빌라펜션,오션뷰,셀스타그램,펜션추천,여행스타그램,카페스타그램,포항여행,포항펜션추천,아이폰,먹방,오오티디,dailylook,셀피,데일리,감성,카페,포항,instadaily,카페투어,daily,travel,슬로우오션,cafe,일상,대구맛집,ootd,좋아요,데일리룩,selfie,인테리어
256,여행스타그램257.jpg,,,,,,,,,,,,,,,,,,,,,,,,,,,,,,
257,여행스타그램258.jpg,동성로,아이폰,팔로우,럽스타그램,홍대,데일리,셀피,먹스타그램,맛집,좋아요,여행스타그램,셀카,소통,해운대,패션,서면,일상스타그램,이태원,일상,좋아요반사,얼스타그램,한남동,오오티디,맞팔,신사동,광안리,인스타,셀스타그램,,
258,여행스타그램259.jpg,like4like,카페,오오티디,팔로우,selfie,셀스타그램,인스타데일리,아이폰11프로,데일리,셀피,cafe,맞팔,헬스타그램,운동스타그램,먹스타그램,ootd,여행스타그램,좋아요반사,좋반,instadaily,일상스타그램,selca,카페스타그램,데일리그램,좋아요,선팔맞팔,일상,맞팔환영,daily,여행
259,여행스타그램260.jpg,,,,,,,,,,,,,,,,,,,,,,,,,,,,,,
260,여행스타그램261.jpg,축구덕후,그림스타그램네팔여행,여행스타그램,일상,인스타툰,football,행복,팔로우,여자축구화이팅,webtoon,좋아요,그림,일러스트,그림일기,fan,보인다네팔,,,,,,,,,,,,,,
261,여행스타그램262.jpg,여행에미치다,팔로우반사,봄,여행그램,경기도여행,팔로우환영,여행스타그램,가을,가평여행,펜션추천,팔로우,선팔,펜션여행,좋아요,팔로우미,데일리그램,백수그램,쏭쏭_펜션,20대,가평펜션,선팔하면맞팔가요,선팔하면맞팔,맞팔,인친,,,,,,
262,여행스타그램263.jpg,,,,,,,,,,,,,,,,,,,,,,,,,,,,,,
263,여행스타그램264.jpg,오오티디,수원,me,travelstagram,데일리,좋아요,여행,국내여행,photoshoot,여행에미치다,photography,ootd,instadaily,여행스타그램,daily,데이트,travel,photooftheday,데일리룩,일상스타그램,여행그램,likes,일상,럽스타그램,photo,date,셀스타그램,,,
264,여행스타그램265.jpg,팔로우,맞팔선팔환영,소통해요,좋아요반사,첫줄,팔로우늘리기,고3,선팔,19살,맞팔,일상스타그램,첫줄반사,follow,선팔맞팔,f4f,좋반테러,fff,맞팔해요,선팔하면맞팔가요,좋아요,likeforlikes,소통,followforfollowback,오오티디,좋반,일상,,,,
265,여행스타그램266.jpg,ootd,좋아요,맞팔선팔환영,좋아요반사,서면,스타벅스,신메뉴,좋반,카페스타그램,like4likes,해운대,부산카페,부산,카페,coffee,데일리,전포카페거리,일상,여행스타그램,선팔,follow4like,소통,팔로워,,,,,,,
266,여행스타그램267.jpg,,,,,,,,,,,,,,,,,,,,,,,,,,,,,,
267,여행스타그램268.jpg,dailylook,daily,헬스타그램,얼스타그램,셀카,일상스타그램,홍대,셀피,일상,ootd,첫줄,팔로우,좋아요,데일리,instadaily,flower,instagram,서면,강남,여행스타그램,인친,좋반,dm,,,,,,,
268,여행스타그램269.jpg,follow4follow,셀피스타그램,데일리,소통,인스타그램,맞팔해요,ootd,얼스타그램,감성,서팔하면맞팔,맞팔선팔,댓글,인스타,selca,셀카,fff,좋아요반사,일상,팔로잉,selstagram,좋아요,selfie,맞팔,셀피,like4like,셀스타그램,인친,일상스타그램,,
269,여행스타그램270.jpg,travelphotography,사진보정,travelgram,추억팔이,파리,유디니,photography,취미사진,좋반,사진,pic,좋아요,picture,여행사진,여행,여행에미치다,감성사진,paris,좋아요반사,travel,여행사진정리,유디니_유럽,스냅사진,색감,photo,유디니_파리,사진계정,streetphotography,여행스타그램,감성
270,여행스타그램271.jpg,좋아요테러,소통해요,셀스타그램,뷰티스타그램,맞좋아요,followforfollowback,홍대,좋아요반사,상무지구,팔로우,likeforfollow,선팔환영,좋반테러,likeforlikes,최근게시물반사,인기게시물,인친해요,좋반,follow4like,얼스타그램,맞팔댓글,맞팔선팔,팔로우늘리기,followmee,구시청,일상소통,여행스타그램,페친,선팔하면맞팔,선팔
271,여행스타그램272.jpg,likeforfollow,맞팔댓글,followforfollowback,일상스타그램,페친,의정부,팔로우,선팔하면맞팔,얼스타그램,일상소통,여행스타그램,셀스타그램,선팔,follow4like,followme,선팔환영,최근게시물반사,안산,좋반테러,소통해요,좋반,맞팔선팔,인친해요,좋아요테러,likeforlikes,팔로우늘리기,좋아요반사,맞좋아요,인기게시물,
272,여행스타그램273.jpg,좋반테러,첫줄좋반,동명동,lll,like4follow,여행스타그램,일상,첫줄,연남동카페,한남동,인스타,음대생,24,가로수길,좋아요테러,좋아요반사,outfit,ootd,selfie,아웃핏,상무지구,instagood,얼스타그램,광주,서울,셀카,데일리룩,오오티디,대학생,
273,여행스타그램274.jpg,cafe,하남핫플,하남카페맛집,직장인스타그램,댓글소통,미사리조정경기장,하남카페,하남미사카페,여행,치즈켁,사진,여행스타그램,하남스타필드,오오티디,좋아요,카페치즈켁,하남맛집,카페오픈,cafe_cheesecakk,바스크치즈케이크,소통,하남카페추천,치즈케이크,일상,하남디저트카페,치즈케이크맛집,카페오픈준비중,미사카페,,
274,여행스타그램275.jpg,,,,,,,,,,,,,,,,,,,,,,,,,,,,,,
275,여행스타그램276.jpg,댓글,팔로미,셀피,선팔하면맞팔,얼스타그램,오오티디,인스타그램,일상,선팔맞팔,셀스타그램,여행스타그램,일상스타그램,19,인친,좋반,셀기꾼,선팔,맞팔,데일리,반사,팔로우,좋아요,친스타그램,좋아요반사,instagood,데일리스타그램,패션,소통,셀카,럽스타그램
276,여행스타그램277.jpg,여행,daily,팔로우늘리기,likeforfollow,좋아요반사,팔로우반사,데일리,좋반테러,여행스타그램,likeforlikes,맞팔선팔환영,맞팔,팔로우환영,like4likes,선팔하면맞팔,셀스타그램,좋반,데일리그램,얼스타그램,좋아요테러,,,,,,,,,,
277,여행스타그램278.jpg,오오티디,데일리,여행스타그램,인친,팔로우,인스타그램,셀스타그램,반사,일상,댓글,선팔,데일리스타그램,선팔맞팔,셀기꾼,일상스타그램,팔로미,소통,셀카,instagood,셀피,얼스타그램,좋반,선팔하면맞팔,친스타그램,19,럽스타그램,패션,좋아요반사,맞팔,좋아요
278,여행스타그램279.jpg,선팔맞팔,얼스타그램,좋반,패션,인친,셀기꾼,데일리스타그램,오오티디,19,팔로미,럽스타그램,일상스타그램,맞팔,좋아요,인스타그램,데일리,셀카,댓글,반사,선팔,소통,여행스타그램,선팔하면맞팔,셀피,팔로우,친스타그램,instagood,좋아요반사,셀스타그램,일상
279,,,,,,,,,,,,,,,,,,,,,,,,,,,,,,,
280,여행스타그램281.jpg,소통,선팔하면맞팔,일상,인스타그램,여행스타그램,셀기꾼,팔로미,반사,데일리스타그램,instagood,선팔,좋반,선팔맞팔,데일리,셀카,좋아요,럽스타그램,좋아요반사,패션,일상스타그램,댓글,인친,셀스타그램,셀피,오오티디,맞팔,친스타그램,19,팔로우,얼스타그램
281,여행스타그램282.jpg,revengestorm,신사동,일상스타그램,동성로,얼스타그램,해운대,오오티디,서면,인스타,좋아요반사,데일리,맞팔,광안리,셀피,셀카,홍대,맛집,셀스타그램,팔로우,한남동,패션,선팔하면맞팔,일상,아이폰,이태원,선팔,인스타데일리,소통,여행스타그램,먹스타그램
282,여행스타그램283.jpg,selca,셀피,l4l,좋반,셀카,좋아요반사,travel,likeforlikes,여행스타그램,like4likes,일상룩,소통,instagram,좋아요테러,instalike,selfie,lfl,좋반테러,travelrer,l4like,소통환영,여행,데일리,daily,좋아요,europe,오오티디,instadaily,ootd,likers
283,여행스타그램284.jpg,사막투어,우정여행,랜선여행,여행스타그램,여행에미치다_몽골,travelholic_insta,몽골여행,게르,travelholic,고비사막,여행에미치다,방구석여행,테를지,,,,,,,,,,,,,,,,,
284,여행스타그램285.jpg,f4follow,like4likes,데일리,selca,f4f,선팔하면맞팔,좋반,좋아요테러,소통,daily,여행스타그램,셀스타그램,l4like,f4l,analog,일상,mood,오오티디,instadaily,맞팔,좋아요반사,좋아요,selfie,likeforlikes,좋반테러,인친,ootd,팔로우,셀카,likeforfollows
285,여행스타그램286.jpg,일상스타그램,맞팔환영,광안리,먹스타그램,강남,댓글,좋아요,홍대,선팔,일상,패션,얼스타그램,인친,해운대,아이폰,좋아요반사,맛집,서면,인스타데일리,소통,선팔하면맞팔,데일리코디,여행스타그램,옷스타그램,동성로,인친환영,셀스타그램,맞팔,데일리,가로수길
286,여행스타그램287.jpg,,,,,,,,,,,,,,,,,,,,,,,,,,,,,,
287,여행스타그램288.jpg,팔로우,제주도,셀피,일상,selca,f4f,소통,애월맛집,제주도여행,instagram,셀카,instagood,애월카페,like,selfie,인스타그램,me,하이엔드제주,곽지해수욕장,애월가볼만한곳,데일리,follow,여행스타그램,셀스타그램,선셋,daily,,,,
288,주소없음,여행스타그램289.jpg,팔로우,제주도,셀피,일상,selca,f4f,소통,애월맛집,제주도여행,instagram,셀카,instagood,애월카페,like,selfie,인스타그램,me,하이엔드제주,곽지해수욕장,애월가볼만한곳,데일리,follow,여행스타그램,셀스타그램,선셋,daily,,,
289,여행스타그램290.jpg,여행사진,여행이좋다,두브로브니크,여행스타그램,여행자,trip,여행,풍경사진,감성사진,travel,여행기록,사진취미,자연사진,photo,사진촬영,사진찍기,tour,사진여행,크로아티아,picture,자연풍경,사진연습,,,,,,,,
290,여행스타그램291.jpg,pic,작품,ootd,art,photo,전시회,exhibition,미술관,gallery,예술,일상,tattoo,design,옷스타그램,패션,dailylook,여행,fashion,디자인,소통,셀스타그램,셀피,여행스타그램,오오티디,데일리룩,셀카,daily,selfie,museum,
291,여행스타그램292.jpg,제주여행코스,jeepwrangler,얼스타그램,셀스타,선팔맞팔,carstagram,좋아요그램,카스타그램,여행지추천,사랑그램,분노의질주,진서부부,오프로드,여행스타그램,댓반,지프랭글러,서귀포여행,redcars,레이싱,제주도여행,차스타그램,제주도가볼만한곳,인친소통,부부스타그램,,,,,,
292,주소없음,여행스타그램293.jpg,제주여행코스,jeepwrangler,얼스타그램,셀스타,선팔맞팔,carstagram,좋아요그램,카스타그램,여행지추천,사랑그램,분노의질주,진서부부,오프로드,여행스타그램,댓반,지프랭글러,서귀포여행,redcars,레이싱,제주도여행,차스타그램,제주도가볼만한곳,인친소통,부부스타그램,,,,,
293,여행스타그램294.jpg,백패커,여행스타그램,하이킹,고프로,백패킹,고프로8,고아라해변,하이커,여행,경주,히치하이킹,해파랑길,트레킹,,,,,,,,,,,,,,,,,
294,여행스타그램295.jpg,,,,,,,,,,,,,,,,,,,,,,,,,,,,,,
295,여행스타그램296.jpg,무보정,malgm_film,봄,필름사진,제주도벚꽃,portra160,canonae1,포트라160,캐논ae1,맑음_제주에머물다,jejudo,맑음_봄을담다,제주도,벚꽃,제주도여행,,,,,,,,,,,,,,,
296,여행스타그램297.jpg,,,,,,,,,,,,,,,,,,,,,,,,,,,,,,
297,여행스타그램298.jpg,,,,,,,,,,,,,,,,,,,,,,,,,,,,,,
298,여행스타그램299.jpg,followforfollowback,여행스타그램,likeforfollow,좋아요테러,좋아요반사,맞팔댓글,좋반,얼스타그램,선팔환영,셀스타그램,구시청,상무지구,팔로우,선팔하면맞팔,likeforlikes,가로수길,훈남,좋반테러,광주,선팔,훈녀,follow4like,일상소통,맞팔선팔,뷰티스타그램,,,,,
299,여행스타그램300.jpg,좋반,일상스타그램,likeforfollow,likeme,태그원,전신샷,좋아요반사,여행스타그램,팔로우미,카페투어,instagood,좋테,소통해요,instamood,following,f4f,l4like,likeforlikes,청주핫플,,,,,,,,,,,
300,여행스타그램301.jpg,여행,전주여행,여행스타그램,한복,전주,,,,,,,,,,,,,,,,,,,,,,,,,
301,여행스타그램302.jpg,일상,웨이브온,국내여행지,부산카페추천,영도카페,여행에미치다_국내,부산맛집추천,부산여행,좋아요반사,흰여울마을,기장카페,여행다녀왔습니다,가온_부산,데일리,해운대카페,영도흰여울길,여행스타그램,오션뷰카페,부산여행코스,기장오션뷰카페,,,,,,,,,,
302,여행스타그램303.jpg,ariasnewyork,,,,,,,,,,,,,,,,,,,,,,,,,,,,,
303,여행스타그램304.jpg,봄,팔로우반사,여행그램,경기도여행,펜션추천,선팔,여행에미치다,가평펜션,팔로우환영,백수그램,펜션여행,여행스타그램,맞팔,선팔하면맞팔,데일리그램,인친,팔로우미,쏭쏭_펜션,좋아요,20대,팔로우,가을,가평여행,선팔하면맞팔가요,,,,,,
304,여행스타그램305.jpg,,,,,,,,,,,,,,,,,,,,,,,,,,,,,,
305,여행스타그램306.jpg,photooftheday,수원,일상스타그램,셀스타그램,photoshoot,여행,오오티디,럽스타그램,daily,date,likes,데일리룩,여행에미치다,photo,photography,국내여행,ootd,데일리,좋아요,travelstagram,일상,여행스타그램,데이트,여행그램,me,travel,instadaily,,,
306,여행스타그램307.jpg,좋아요,일상,likeforlikes,맞팔선팔환영,좋반테러,첫줄,선팔맞팔,맞팔해요,19살,followforfollowback,소통해요,fff,소통,좋반,팔로우,선팔,follow,맞팔,선팔하면맞팔가요,일상스타그램,팔로우늘리기,고3,첫줄반사,오오티디,좋아요반사,f4f,,,,
307,여행스타그램308.jpg,부산,맞팔선팔환영,일상,coffee,선팔,ootd,스타벅스,신메뉴,소통,부산카페,like4likes,여행스타그램,카페스타그램,팔로워,좋아요반사,카페,해운대,데일리,좋반,서면,좋아요,follow4like,전포카페거리,,,,,,,
308,여행스타그램309.jpg,,,,,,,,,,,,,,,,,,,,,,,,,,,,,,
309,여행스타그램310.jpg,서면,좋반,일상,홍대,instadaily,dm,daily,여행스타그램,얼스타그램,좋아요,첫줄,팔로우,강남,instagram,헬스타그램,flower,ootd,인친,데일리,dailylook,셀카,일상스타그램,셀피,,,,,,,
310,여행스타그램311.jpg,소통,셀스타그램,얼스타그램,일상,서팔하면맞팔,인친,selfie,일상스타그램,셀피,맞팔해요,인스타,like4like,fff,데일리,팔로잉,좋아요반사,셀피스타그램,selca,인스타그램,셀카,ootd,좋아요,selstagram,맞팔선팔,감성,댓글,follow4follow,맞팔,,
311,여행스타그램312.jpg,감성,travelphotography,사진,여행스타그램,사진보정,streetphotography,좋아요,색감,좋아요반사,여행사진,유디니,photography,picture,paris,감성사진,취미사진,스냅사진,추억팔이,pic,여행에미치다,여행사진정리,travel,유디니_유럽,여행,photo,travelgram,유디니_파리,좋반,사진계정,파리
312,여행스타그램313.jpg,좋반,인친해요,좋아요반사,선팔하면맞팔,팔로우,인기게시물,맞좋아요,일상소통,선팔,맞팔선팔,likeforlikes,맞팔댓글,followmee,홍대,페친,최근게시물반사,followforfollowback,구시청,얼스타그램,팔로우늘리기,좋반테러,좋아요테러,뷰티스타그램,선팔환영,상무지구,소통해요,셀스타그램,여행스타그램,likeforfollow,follow4like
313,여행스타그램314.jpg,인친해요,여행스타그램,최근게시물반사,일상소통,followforfollowback,팔로우늘리기,의정부,페친,좋아요반사,선팔,선팔하면맞팔,likeforfollow,일상스타그램,팔로우,선팔환영,맞팔댓글,맞좋아요,소통해요,좋반테러,follow4like,좋반,followme,셀스타그램,인기게시물,likeforlikes,얼스타그램,안산,좋아요테러,맞팔선팔,
314,여행스타그램315.jpg,음대생,좋반테러,첫줄좋반,첫줄,셀카,인스타,좋아요반사,like4follow,데일리룩,오오티디,ootd,아웃핏,얼스타그램,여행스타그램,lll,동명동,outfit,광주,selfie,상무지구,instagood,한남동,좋아요테러,연남동카페,24,가로수길,일상,대학생,서울,
315,여행스타그램316.jpg,카페오픈,여행,하남카페맛집,치즈케이크맛집,미사카페,하남카페추천,오오티디,카페오픈준비중,cafe,바스크치즈케이크,직장인스타그램,하남미사카페,하남핫플,하남디저트카페,하남스타필드,사진,카페치즈켁,치즈켁,하남맛집,일상,치즈케이크,좋아요,여행스타그램,하남카페,소통,댓글소통,미사리조정경기장,cafe_cheesecakk,,
316,여행스타그램317.jpg,,,,,,,,,,,,,,,,,,,,,,,,,,,,,,
317,여행스타그램318.jpg,좋아요반사,선팔맞팔,셀스타그램,소통,팔로미,일상,인스타그램,여행스타그램,셀피,데일리스타그램,instagood,좋아요,오오티디,19,팔로우,패션,선팔,일상스타그램,럽스타그램,선팔하면맞팔,좋반,댓글,셀기꾼,데일리,얼스타그램,맞팔,셀카,반사,친스타그램,인친
318,여행스타그램319.jpg,like4likes,맞팔선팔환영,좋아요반사,선팔하면맞팔,좋아요테러,얼스타그램,좋반테러,좋반,데일리그램,likeforfollow,셀스타그램,여행스타그램,여행,맞팔,daily,데일리,팔로우환영,팔로우늘리기,likeforlikes,팔로우반사,,,,,,,,,,
319,여행스타그램320.jpg,여행스타그램,인스타그램,얼스타그램,소통,데일리스타그램,댓글,19,셀기꾼,럽스타그램,선팔맞팔,좋반,인친,패션,맞팔,선팔,좋아요,오오티디,일상,좋아요반사,셀스타그램,팔로우,데일리,instagood,선팔하면맞팔,일상스타그램,셀피,친스타그램,팔로미,반사,셀카
320,여행스타그램321.jpg,일상,데일리,셀피,럽스타그램,일상스타그램,19,인친,데일리스타그램,선팔,맞팔,친스타그램,셀기꾼,여행스타그램,좋반,패션,셀스타그램,오오티디,댓글,instagood,좋아요반사,좋아요,선팔하면맞팔,셀카,팔로미,인스타그램,소통,팔로우,반사,선팔맞팔,얼스타그램
321,여행스타그램322.jpg,likeforfollow,좋아요테러,얼스타그램,여행스타그램,셀스타그램,팔로우반사,좋아요반사,데일리,여행,좋반테러,선팔하면맞팔,쥬에,데일리그램,맞팔선팔환영,likeforlikes,daily,like4likes,맞팔,팔로우환영,팔로우늘리기,좋반,,,,,,,,,
322,여행스타그램323.jpg,선팔,댓글,반사,패션,얼스타그램,셀스타그램,19,셀기꾼,맞팔,instagood,오오티디,소통,좋아요반사,선팔맞팔,선팔하면맞팔,럽스타그램,인스타그램,여행스타그램,셀카,셀피,친스타그램,팔로우,좋아요,일상,좋반,데일리스타그램,일상스타그램,인친,팔로미,데일리
323,여행스타그램324.jpg,신사동,한남동,동성로,소통,해운대,맞팔,이태원,선팔,패션,데일리,먹스타그램,선팔하면맞팔,홍대,여행스타그램,셀피,인스타데일리,일상스타그램,서면,셀스타그램,revengestorm,좋아요반사,오오티디,광안리,아이폰,일상,인스타,팔로우,맛집,셀카,얼스타그램
324,여행스타그램325.jpg,l4l,l4like,좋아요테러,좋아요반사,일상룩,likeforlikes,좋반,likers,좋아요,소통,데일리,소통환영,instagram,여행,travel,selca,like4likes,lfl,daily,셀카,instalike,instadaily,selfie,travelrer,europe,좋반테러,ootd,오오티디,여행스타그램,셀피
325,여행스타그램326.jpg,travelholic_insta,우정여행,여행스타그램,게르,travelholic,테를지,여행에미치다_몽골,방구석여행,몽골여행,고비사막,랜선여행,여행에미치다,사막투어,,,,,,,,,,,,,,,,,
326,여행스타그램327.jpg,f4l,맞팔,instadaily,l4like,선팔하면맞팔,셀카,소통,팔로우,ootd,selfie,좋아요,f4f,selca,좋반,likeforlikes,셀스타그램,좋아요반사,analog,likeforfollows,mood,일상,인친,여행스타그램,데일리,좋아요테러,like4likes,f4follow,오오티디,좋반테러,daily
327,여행스타그램328.jpg,,,,,,,,,,,,,,,,,,,,,,,,,,,,,,
328,여행스타그램329.jpg,,,,,,,,,,,,,,,,,,,,,,,,,,,,,,
329,여행스타그램330.jpg,셀카,인스타그램,애월카페,like,제주도,팔로우,selca,애월맛집,제주도여행,셀스타그램,selfie,여행스타그램,데일리,instagram,일상,셀피,me,instagood,follow,daily,곽지해수욕장,선셋,하이엔드제주,f4f,애월가볼만한곳,소통,,,,
330,주소없음,여행스타그램331.jpg,셀카,인스타그램,애월카페,like,제주도,팔로우,selca,애월맛집,제주도여행,셀스타그램,selfie,여행스타그램,데일리,instagram,일상,셀피,me,instagood,follow,daily,곽지해수욕장,선셋,하이엔드제주,f4f,애월가볼만한곳,소통,,,
331,여행스타그램332.jpg,사진여행,여행스타그램,tour,여행이좋다,사진연습,사진찍기,크로아티아,사진취미,풍경사진,두브로브니크,여행자,trip,여행사진,여행기록,감성사진,picture,여행,travel,사진촬영,자연사진,photo,자연풍경,,,,,,,,
332,여행스타그램333.jpg,tattoo,패션,셀피,photo,옷스타그램,작품,일상,전시회,오오티디,daily,예술,gallery,pic,미술관,디자인,art,셀스타그램,exhibition,fashion,소통,ootd,design,셀카,여행스타그램,dailylook,selfie,museum,여행,데일리룩,
333,여행스타그램334.jpg,분노의질주,제주도여행,인친소통,오프로드,사랑그램,얼스타그램,셀스타,부부스타그램,선팔맞팔,여행스타그램,차스타그램,레이싱,제주도가볼만한곳,carstagram,jeepwrangler,댓반,진서부부,지프랭글러,좋아요그램,카스타그램,제주여행코스,여행지추천,서귀포여행,redcars,,,,,,
334,주소없음,여행스타그램335.jpg,분노의질주,제주도여행,인친소통,오프로드,사랑그램,얼스타그램,셀스타,부부스타그램,선팔맞팔,여행스타그램,차스타그램,레이싱,제주도가볼만한곳,carstagram,jeepwrangler,댓반,진서부부,지프랭글러,좋아요그램,카스타그램,제주여행코스,여행지추천,서귀포여행,redcars,,,,,
335,여행스타그램336.jpg,하이커,히치하이킹,백패킹,여행스타그램,트레킹,해파랑길,하이킹,백패커,고아라해변,경주,고프로8,여행,고프로,,,,,,,,,,,,,,,,,
336,여행스타그램337.jpg,진도여행,진도,신나게놀기,친구,수영,여행스타그램,수중촬영,키즈스타그램,진도쏠비치,동생,인피니티풀,고프로히어로7,예쁜날,instasize,아이들도,하늘도,tour,바다도,즐거워,swimming,수영장,물놀이,오빠,럽스타그램,모두,playing,friends,,,
337,여행스타그램338.jpg,오오티디,피드,선팔,선팔맞팔,팔로우,선팔환영,ootd,대구,인스타굿,맞팔,좋아요그램,daily,일상,follow,instadaily,소통,팔로우미,맞팔환영,카페,여행스타그램,좋아요꾹,인스타데일리,좋아요반사,좋아요,맞팔해요,선팔하면맞팔,맞팔100,데일리,동성로,셀카
338,여행스타그램339.jpg,간절기룩,꾸안꾸룩,꾸안꾸맛집,큐리앰플,하객룩,체크자켓,센텀맛집,기장카페,달맞이카페,자켓맛집,파미,파미아베크,해운대맛집,파미뷰티,해운대카페,닥터이너그린,디피샷,서면맛집,청바지맛집,해리단길,큐리팩,에쎌로쿠션,결혼식하객패션,전포카페,유산균쿠션,여행스타그램,아베크진아,,,
339,여행스타그램340.jpg,딸스타그램,도치맘,태몽,,,,,,,,,,,,,,,,,,,,,,,,,,,
340,여행스타그램341.jpg,illustration,손그림,바다,일러스트,illust,원주일러스트,여행스타그램,해녀,그림스타그램,원주그림,doodle,여행기억,아이폰그림,디지털드로잉,,,,,,,,,,,,,,,,
341,여행스타그램342.jpg,bestlandscapecourse,golfing,vietnamgolfdestination,하이퐁,여행스타그램,golfswing,골스타그램,golfswag,holeinone,golfstagram,imgworldwide,beautifulgolfcourses,golfcourse,golflife,vietnamgolf,golf,vinpearlgolfphuquoc,하노이,베트남,golfvietnam,골프장,vietnam,골프,golfislife,빈펄,,,,,
342,여행스타그램343.jpg,파리크라상,인천,식약처,bread,위생등급,cleancafe,청결,파리크라상키친,반짝반짝빛나는파리크라상🌟💖,커피스타그램,매우우수음식점,빵,매우우수,먹스타그램,식품의약품안전처,incheonairport,clean,pariscroissant,카페,믿고먹는,카페스타그램,인천공항,coffee,깨끗한음식점,빵스타그램,인천공항맛집,여행스타그램,여행,커피,cafestagram
343,여행스타그램344.jpg,,,,,,,,,,,,,,,,,,,,,,,,,,,,,,
344,여행스타그램345.jpg,여행,잠옷,선팔하면맞팔,옷스타그램,덴젤슬립,여행스타그램,슬립,좋아요,좋반,instagood,인스타마켓,맞팔,선팔,instalike,선팔맞팔,instadaily,자체제작쇼핑몰,좋아요반사,휴가,덴젤,일상,마켓,,,,,,,,
345,여행스타그램346.jpg,여행스타그램,여행기억,그림스타그램,illustration,아이폰그림,원주그림,바다,doodle,손그림,illust,해녀,일러스트,디지털드로잉,원주일러스트,,,,,,,,,,,,,,,,
346,여행스타그램347.jpg,instadaily,양평카페,여행,럽스타그램,카페,데일리,양평여행,onthetable,baby,맛스타그램,daily,26개월아기,양평맛집,온더테이블,육아,딸스타그램,가족스타그램,셀스타그램,가족,일상,아기,family,설린이네양평,베이비,travel,cafe,여행스타그램,양평,selfie,
347,여행스타그램348.jpg,유럽,유니폼,우연,여행,추억,독일,여행스타그램,여행기록,다시,레전드,뮌헨,기쁨,가고싶다,여행에미치다,언제쯤볼수있을까,축구,매장,행복,,,,,,,,,,,,
348,여행스타그램349.jpg,,,,,,,,,,,,,,,,,,,,,,,,,,,,,,
349,여행스타그램350.jpg,제주도벚꽃,portra160,포트라160,무보정,제주도,맑음_제주에머물다,canonae1,캐논ae1,malgm_film,필름사진,jejudo,제주도여행,벚꽃,봄,맑음_봄을담다,,,,,,,,,,,,,,,
350,여행스타그램351.jpg,,,,,,,,,,,,,,,,,,,,,,,,,,,,,,
351,여행스타그램352.jpg,,,,,,,,,,,,,,,,,,,,,,,,,,,,,,
352,여행스타그램353.jpg,일상소통,likeforfollow,뷰티스타그램,얼스타그램,훈남,광주,가로수길,맞팔댓글,좋아요테러,좋아요반사,선팔하면맞팔,팔로우,맞팔선팔,followforfollowback,상무지구,follow4like,여행스타그램,좋반,셀스타그램,훈녀,선팔,선팔환영,likeforlikes,좋반테러,구시청,,,,,
353,여행스타그램354.jpg,카페투어,instagood,likeforlikes,좋테,여행스타그램,태그원,소통해요,팔로우미,전신샷,likeme,instamood,f4f,좋아요반사,좋반,일상스타그램,following,likeforfollow,청주핫플,l4like,,,,,,,,,,,
354,여행스타그램355.jpg,여행스타그램,한복,여행,전주여행,전주,,,,,,,,,,,,,,,,,,,,,,,,,
355,여행스타그램356.jpg,데일리,해운대카페,기장오션뷰카페,영도흰여울길,일상,부산맛집추천,부산카페추천,여행에미치다_국내,흰여울마을,여행다녀왔습니다,좋아요반사,국내여행지,웨이브온,기장카페,부산여행코스,부산여행,영도카페,가온_부산,여행스타그램,오션뷰카페,,,,,,,,,,
356,여행스타그램357.jpg,ariasnewyork,,,,,,,,,,,,,,,,,,,,,,,,,,,,,
357,여행스타그램358.jpg,여행,하남맛집,하남스타필드,치즈케이크맛집,댓글소통,소통,하남디저트카페,하남핫플,여행스타그램,미사리조정경기장,좋아요,카페치즈켁,하남카페맛집,직장인스타그램,하남카페추천,cafe_cheesecakk,하남카페,카페오픈준비중,카페오픈,치즈켁,치즈케이크,cafe,오오티디,사진,바스크치즈케이크,미사카페,하남미사카페,일상,,
358,여행스타그램359.jpg,,,,,,,,,,,,,,,,,,,,,,,,,,,,,,
359,여행스타그램360.jpg,럽스타그램,맞팔,팔로미,오오티디,좋아요,팔로우,셀피,데일리,친스타그램,셀스타그램,댓글,선팔,일상,선팔맞팔,소통,19,인스타그램,일상스타그램,좋아요반사,패션,instagood,인친,좋반,얼스타그램,여행스타그램,선팔하면맞팔,셀기꾼,데일리스타그램,반사,셀카
360,여행스타그램361.jpg,daily,여행,선팔하면맞팔,셀스타그램,likeforfollow,데일리그램,likeforlikes,like4likes,얼스타그램,팔로우반사,팔로우늘리기,좋아요테러,여행스타그램,좋반테러,데일리,맞팔,팔로우환영,좋아요반사,좋반,맞팔선팔환영,,,,,,,,,,
361,여행스타그램362.jpg,셀피,19,소통,선팔하면맞팔,셀스타그램,셀카,일상,팔로미,인친,친스타그램,좋반,인스타그램,데일리스타그램,선팔맞팔,얼스타그램,패션,좋아요,팔로우,여행스타그램,셀기꾼,맞팔,일상스타그램,오오티디,댓글,반사,좋아요반사,선팔,instagood,럽스타그램,데일리
362,여행스타그램363.jpg,19,맞팔,소통,일상스타그램,오오티디,선팔맞팔,팔로미,럽스타그램,셀기꾼,반사,여행스타그램,셀피,데일리스타그램,선팔,좋아요,좋반,선팔하면맞팔,일상,instagood,패션,인스타그램,셀스타그램,셀카,친스타그램,데일리,댓글,좋아요반사,얼스타그램,인친,팔로우
363,여행스타그램364.jpg,얼스타그램,팔로우반사,데일리그램,맞팔선팔환영,여행,셀스타그램,팔로우늘리기,daily,쥬에,여행스타그램,선팔하면맞팔,likeforlikes,좋아요반사,팔로우환영,데일리,좋반,좋반테러,like4likes,좋아요테러,likeforfollow,맞팔,,,,,,,,,
364,여행스타그램365.jpg,댓글,선팔,데일리,좋반,선팔맞팔,셀카,일상,얼스타그램,셀기꾼,오오티디,선팔하면맞팔,셀피,팔로우,데일리스타그램,패션,반사,인스타그램,맞팔,팔로미,일상스타그램,인친,좋아요,럽스타그램,여행스타그램,친스타그램,소통,19,instagood,셀스타그램,좋아요반사
365,여행스타그램366.jpg,패션,먹스타그램,셀스타그램,revengestorm,광안리,얼스타그램,맛집,오오티디,동성로,해운대,여행스타그램,팔로우,데일리,일상,인스타데일리,아이폰,신사동,일상스타그램,한남동,이태원,셀피,소통,인스타,좋아요반사,셀카,서면,선팔하면맞팔,홍대,선팔,맞팔
366,여행스타그램367.jpg,like4likes,셀피,instagram,여행,좋반테러,여행스타그램,좋아요반사,likers,travelrer,selca,오오티디,daily,좋아요테러,소통,좋반,lfl,l4l,instadaily,europe,l4like,일상룩,ootd,instalike,selfie,travel,좋아요,likeforlikes,셀카,데일리,소통환영
367,여행스타그램368.jpg,고비사막,우정여행,여행에미치다,테를지,몽골여행,travelholic_insta,여행에미치다_몽골,게르,travelholic,랜선여행,방구석여행,사막투어,여행스타그램,,,,,,,,,,,,,,,,,
368,여행스타그램369.jpg,f4follow,instadaily,f4f,좋아요,l4like,소통,데일리,일상,selca,좋아요테러,selfie,선팔하면맞팔,여행스타그램,셀카,daily,mood,좋반,f4l,좋반테러,좋아요반사,팔로우,analog,like4likes,ootd,오오티디,likeforlikes,셀스타그램,likeforfollows,인친,맞팔
369,여행스타그램370.jpg,,,,,,,,,,,,,,,,,,,,,,,,,,,,,,
370,여행스타그램371.jpg,,,,,,,,,,,,,,,,,,,,,,,,,,,,,,
371,여행스타그램372.jpg,셀피,f4f,셀스타그램,instagram,instagood,애월가볼만한곳,하이엔드제주,선셋,일상,애월카페,me,follow,daily,selca,인스타그램,데일리,곽지해수욕장,selfie,팔로우,제주도여행,소통,여행스타그램,제주도,셀카,like,애월맛집,,,,
372,주소없음,여행스타그램373.jpg,셀피,f4f,셀스타그램,instagram,instagood,애월가볼만한곳,하이엔드제주,선셋,일상,애월카페,me,follow,daily,selca,인스타그램,데일리,곽지해수욕장,selfie,팔로우,제주도여행,소통,여행스타그램,제주도,셀카,like,애월맛집,,,
373,여행스타그램374.jpg,자연풍경,사진여행,여행자,photo,사진촬영,travel,사진연습,trip,여행스타그램,사진찍기,여행,여행사진,여행기록,자연사진,풍경사진,두브로브니크,여행이좋다,크로아티아,picture,tour,감성사진,사진취미,,,,,,,,
374,여행스타그램375.jpg,소통,ootd,dailylook,art,예술,gallery,전시회,selfie,photo,일상,셀카,fashion,daily,셀피,museum,오오티디,패션,여행스타그램,pic,작품,데일리룩,tattoo,셀스타그램,디자인,design,옷스타그램,exhibition,미술관,여행,
375,여행스타그램376.jpg,카스타그램,차스타그램,얼스타그램,jeepwrangler,셀스타,사랑그램,redcars,진서부부,댓반,레이싱,인친소통,오프로드,여행지추천,부부스타그램,서귀포여행,지프랭글러,제주여행코스,제주도여행,선팔맞팔,여행스타그램,carstagram,제주도가볼만한곳,좋아요그램,분노의질주,,,,,,
376,주소없음,여행스타그램377.jpg,카스타그램,차스타그램,얼스타그램,jeepwrangler,셀스타,사랑그램,redcars,진서부부,댓반,레이싱,인친소통,오프로드,여행지추천,부부스타그램,서귀포여행,지프랭글러,제주여행코스,제주도여행,선팔맞팔,여행스타그램,carstagram,제주도가볼만한곳,좋아요그램,분노의질주,,,,,
377,여행스타그램378.jpg,히치하이킹,백패커,하이킹,여행스타그램,하이커,트레킹,백패킹,여행,고프로,경주,고프로8,해파랑길,고아라해변,,,,,,,,,,,,,,,,,
378,여행스타그램379.jpg,여행스타그램,모두,진도여행,고프로히어로7,럽스타그램,예쁜날,tour,아이들도,오빠,수영장,진도,키즈스타그램,동생,수중촬영,playing,진도쏠비치,바다도,swimming,즐거워,friends,하늘도,물놀이,instasize,수영,인피니티풀,친구,신나게놀기,,,
379,여행스타그램380.jpg,카페,instadaily,셀카,맞팔환영,소통,선팔하면맞팔,daily,팔로우미,여행스타그램,선팔환영,대구,팔로우,ootd,좋아요반사,맞팔해요,좋아요꾹,선팔,데일리,선팔맞팔,맞팔,좋아요그램,인스타데일리,일상,인스타굿,동성로,follow,좋아요,오오티디,맞팔100,피드
380,여행스타그램381.jpg,해리단길,에쎌로쿠션,체크자켓,파미뷰티,유산균쿠션,하객룩,꾸안꾸맛집,닥터이너그린,서면맛집,큐리앰플,여행스타그램,꾸안꾸룩,기장카페,센텀맛집,파미,큐리팩,전포카페,결혼식하객패션,해운대카페,디피샷,아베크진아,간절기룩,청바지맛집,파미아베크,달맞이카페,자켓맛집,해운대맛집,,,
381,여행스타그램382.jpg,도치맘,딸스타그램,태몽,,,,,,,,,,,,,,,,,,,,,,,,,,,
382,여행스타그램383.jpg,일러스트,여행스타그램,바다,손그림,여행기억,illust,원주그림,아이폰그림,그림스타그램,doodle,원주일러스트,illustration,디지털드로잉,해녀,,,,,,,,,,,,,,,,
383,여행스타그램384.jpg,베트남,vinpearlgolfphuquoc,golfing,골프,golfswing,golfvietnam,golfswag,골스타그램,golfislife,vietnamgolf,imgworldwide,golf,하이퐁,vietnam,golfstagram,beautifulgolfcourses,하노이,golflife,holeinone,bestlandscapecourse,여행스타그램,골프장,vietnamgolfdestination,golfcourse,빈펄,,,,,
384,여행스타그램385.jpg,여행스타그램,깨끗한음식점,여행,파리크라상,incheonairport,커피스타그램,매우우수음식점,pariscroissant,커피,coffee,인천공항맛집,인천공항,cafestagram,파리크라상키친,반짝반짝빛나는파리크라상🌟💖,식약처,빵스타그램,카페스타그램,먹스타그램,식품의약품안전처,bread,clean,인천,위생등급,카페,cleancafe,매우우수,믿고먹는,빵,청결
385,여행스타그램386.jpg,,,,,,,,,,,,,,,,,,,,,,,,,,,,,,
386,여행스타그램387.jpg,일상,좋아요반사,휴가,선팔하면맞팔,마켓,instalike,instagood,자체제작쇼핑몰,잠옷,선팔,덴젤슬립,슬립,옷스타그램,덴젤,좋반,인스타마켓,좋아요,instadaily,맞팔,선팔맞팔,여행,여행스타그램,,,,,,,,
387,여행스타그램388.jpg,해녀,일러스트,여행기억,여행스타그램,원주그림,아이폰그림,그림스타그램,손그림,바다,디지털드로잉,원주일러스트,illust,doodle,illustration,,,,,,,,,,,,,,,,
388,여행스타그램389.jpg,양평카페,설린이네양평,가족스타그램,일상,family,맛스타그램,여행,selfie,아기,여행스타그램,럽스타그램,instadaily,onthetable,딸스타그램,양평여행,데일리,26개월아기,travel,육아,베이비,daily,카페,cafe,셀스타그램,양평맛집,baby,양평,온더테이블,가족,
389,여행스타그램390.jpg,여행에미치다,여행,여행스타그램,축구,다시,유니폼,여행기록,우연,기쁨,유럽,매장,레전드,가고싶다,행복,뮌헨,추억,독일,언제쯤볼수있을까,,,,,,,,,,,,
390,여행스타그램391.jpg,운동,데이트,피팅모델,산책,가족나들이,패션,피부과,신남,네일샵,보조베터리,인천공항,미용실,여행스타그램,날씨,한강,헬스,건강한다이어트,영화,다이어트노예,집콕,모델,다이어터,가족여행,,,,,,,
391,여행스타그램392.jpg,광안리해수욕장,광안리,海ピク,おしゃピク,여행스타그램,過去pic,부산,여행,좋아요반사,釜山,picnic,한국여행,海ピクニック,ピクニック,広安里ビーチ,피크닉,いいね返し,바다피크닉,広安里ピクニック,부산여행,釜山旅行,広安里,韓国旅行,女子旅,,,,,,
392,여행스타그램393.jpg,좋아요,인물화,모델,a7m3,서울,광주,2470gm,여행스타그램,인물사진,일상,촬영문의,맛스타그램,일상스타그램,촬영,여행,전신샷,스냅샷,촬영문의dm,모델촬영,스냅촬영,인물촬영,모델구함,유채꽃,🌼,출사,설정샷,일상스냅,스냅사진,,
393,여행스타그램394.jpg,좋반,フォロバ,followforfollowback,좋반테러,선팔하면맞팔,互赞,lfl,互关,互粉,like4likes,いいね,첫줄반사,いいね返し,좋아요반사,패션,follow4follow,相互フォロー,likeforlikeback,패션스타그램,l4l,뷰티스타그램,likeforlikes,셀스타그램,타투,followforfollow,선팔맞팔,likelike,フォロー,셀카,셀피
394,여행스타그램395.jpg,여행스타그램,followforfollowback,선팔맞팔,like,맞팔해요,맞팔선팔환영,파리여행,선팔하면맞팔,유디니,팔로우,유디니_유럽,선팔,데일리,소통,프랑스여행,follow,좋아요반사,데일리그램,맞팔,맞팔환영,맞팔하면선팔,,,,,,,,,
395,여행스타그램396.jpg,likeforlikes,trip,데일리,일상,instagram,맞팔,선팔,여행,여행스타그램,좋아요,daily,like4likes,follow,여행에미치다,소통,instadaily,l4l,팔로우,fff,instagood,f4f,선팔맞팔,인스타,,,,,,,
396,여행스타그램397.jpg,연애,lfl,여행,lovely,instadaily,여행에미치다,사랑,couplegoals,couple,like4likes,섬,likeforlikes,국제커플,여행스타그램,국제연애,love,selfie,selca,daily,사랑해,신도,,,,,,,,,
397,여행스타그램398.jpg,여행,섬,사랑,daily,신도,selca,instadaily,like4likes,love,국제커플,likeforlikes,lfl,연애,lovely,여행에미치다,사랑해,국제연애,selfie,couple,여행스타그램,couplegoals,,,,,,,,,
398,여행스타그램399.jpg,맞팔댓글,l4l,lb,풍경스냅,좋반,selfies,셀스타,맞팔해요,맞팔선팔환영,소통스타그램,여행기록,l4like,소통해용,lfl,소통환영,셀피그램,풍경사진,인친맺어요,like4likes,인친환영,좋아요반사,좋아요댓글,맞팔댓,selcam,셀카그램,얼스타,데일리코디,뷰티스타그램,likeforlikes,뷰티그램
399,여행스타그램400.jpg,아이폰,팔로우,선팔하면맞팔,좋아요반사,셀스타그램,해운대,여행스타그램,이태원,좋아요,맛집,뷰티스타그램,데일리코디,먹스타그램,인스타그램,댓글,인테리어,소통,커피,선팔,셀카그램,맞팔,selfies,일상스타그램,서면,패션,술스타그램,옷스타그램,셀카,얼스타그램,광안리
400,여행스타그램401.jpg,좋아요,lfl,첫줄,instalike,instagood,ootd,daily,fff,반사,selfie,instadaily,첫줄반사,f4,follow4like,언팔금지,followforfollowback,팔로우,오오티디,좋아요반사,좋반,followme,셀피,맞팔,,,,,,,
401,여행스타그램402.jpg,,,,,,,,,,,,,,,,,,,,,,,,,,,,,,
402,여행스타그램403.jpg,,,,,,,,,,,,,,,,,,,,,,,,,,,,,,
403,여행스타그램404.jpg,제주도,벚꽃,무보정,jejudo,portra160,포트라160,필름사진,맑음_제주에머물다,캐논ae1,canonae1,malgm_film,제주도벚꽃,봄,맑음_봄을담다,제주도여행,,,,,,,,,,,,,,,
404,여행스타그램405.jpg,,,,,,,,,,,,,,,,,,,,,,,,,,,,,,
405,여행스타그램406.jpg,,,,,,,,,,,,,,,,,,,,,,,,,,,,,,
406,여행스타그램407.jpg,구시청,좋반테러,follow4like,가로수길,좋아요테러,얼스타그램,맞팔댓글,일상소통,선팔환영,likeforlikes,선팔,선팔하면맞팔,뷰티스타그램,맞팔선팔,훈남,좋반,팔로우,followforfollowback,좋아요반사,훈녀,셀스타그램,광주,상무지구,여행스타그램,likeforfollow,,,,,
407,여행스타그램408.jpg,여행스타그램,instamood,태그원,팔로우미,f4f,좋반,likeforlikes,청주핫플,좋테,likeme,l4like,일상스타그램,전신샷,likeforfollow,following,좋아요반사,카페투어,소통해요,instagood,,,,,,,,,,,
408,여행스타그램409.jpg,여행,여행스타그램,전주여행,전주,한복,,,,,,,,,,,,,,,,,,,,,,,,,
409,여행스타그램410.jpg,흰여울마을,영도흰여울길,해운대카페,부산여행코스,웨이브온,여행스타그램,부산여행,국내여행지,여행에미치다_국내,기장카페,데일리,부산카페추천,오션뷰카페,가온_부산,부산맛집추천,여행다녀왔습니다,일상,좋아요반사,영도카페,기장오션뷰카페,,,,,,,,,,
410,여행스타그램411.jpg,ariasnewyork,,,,,,,,,,,,,,,,,,,,,,,,,,,,,
411,여행스타그램412.jpg,,,,,,,,,,,,,,,,,,,,,,,,,,,,,,
412,여행스타그램413.jpg,,,,,,,,,,,,,,,,,,,,,,,,,,,,,,
413,여행스타그램414.jpg,여행스타그램,팔로우,하이엔드제주,me,소통,셀피,애월가볼만한곳,daily,애월맛집,인스타그램,일상,instagram,like,셀카,제주도여행,selca,selfie,데일리,제주도,곽지해수욕장,instagood,셀스타그램,선셋,애월카페,f4f,follow,,,,
414,주소없음,여행스타그램415.jpg,여행스타그램,팔로우,하이엔드제주,me,소통,셀피,애월가볼만한곳,daily,애월맛집,인스타그램,일상,instagram,like,셀카,제주도여행,selca,selfie,데일리,제주도,곽지해수욕장,instagood,셀스타그램,선셋,애월카페,f4f,follow,,,
415,여행스타그램416.jpg,사진여행,photo,사진연습,자연풍경,travel,여행기록,풍경사진,tour,감성사진,여행사진,picture,여행,크로아티아,자연사진,사진취미,사진찍기,여행자,여행스타그램,두브로브니크,trip,사진촬영,여행이좋다,,,,,,,,
416,여행스타그램417.jpg,옷스타그램,일상,exhibition,디자인,미술관,셀피,photo,dailylook,셀카,오오티디,여행,daily,데일리룩,museum,ootd,selfie,art,소통,fashion,전시회,여행스타그램,design,패션,셀스타그램,tattoo,gallery,pic,작품,예술,
417,여행스타그램418.jpg,제주도여행,레이싱,셀스타,여행스타그램,좋아요그램,오프로드,사랑그램,선팔맞팔,부부스타그램,차스타그램,redcars,지프랭글러,carstagram,여행지추천,진서부부,제주여행코스,서귀포여행,인친소통,jeepwrangler,댓반,카스타그램,얼스타그램,제주도가볼만한곳,분노의질주,,,,,,
418,주소없음,여행스타그램419.jpg,제주도여행,레이싱,셀스타,여행스타그램,좋아요그램,오프로드,사랑그램,선팔맞팔,부부스타그램,차스타그램,redcars,지프랭글러,carstagram,여행지추천,진서부부,제주여행코스,서귀포여행,인친소통,jeepwrangler,댓반,카스타그램,얼스타그램,제주도가볼만한곳,분노의질주,,,,,
419,여행스타그램420.jpg,하이킹,백패킹,트레킹,고프로,여행,히치하이킹,하이커,백패커,해파랑길,여행스타그램,고아라해변,경주,고프로8,,,,,,,,,,,,,,,,,
420,여행스타그램421.jpg,모두,물놀이,tour,친구,instasize,즐거워,수중촬영,신나게놀기,진도쏠비치,고프로히어로7,friends,예쁜날,동생,럽스타그램,swimming,키즈스타그램,여행스타그램,수영장,하늘도,인피니티풀,오빠,바다도,playing,아이들도,진도,진도여행,수영,,,
421,여행스타그램422.jpg,맞팔해요,대구,맞팔,카페,소통,follow,좋아요그램,좋아요꾹,동성로,팔로우,맞팔환영,인스타데일리,선팔하면맞팔,맞팔100,데일리,좋아요반사,ootd,팔로우미,선팔,선팔맞팔,instadaily,오오티디,피드,좋아요,인스타굿,셀카,선팔환영,여행스타그램,일상,daily
422,여행스타그램423.jpg,자켓맛집,달맞이카페,해운대맛집,아베크진아,청바지맛집,서면맛집,유산균쿠션,체크자켓,해리단길,파미,해운대카페,기장카페,큐리팩,큐리앰플,꾸안꾸맛집,닥터이너그린,여행스타그램,결혼식하객패션,전포카페,에쎌로쿠션,디피샷,간절기룩,파미아베크,하객룩,파미뷰티,꾸안꾸룩,센텀맛집,,,
423,여행스타그램424.jpg,도치맘,태몽,딸스타그램,,,,,,,,,,,,,,,,,,,,,,,,,,,
424,여행스타그램425.jpg,일러스트,illustration,아이폰그림,해녀,그림스타그램,원주일러스트,illust,손그림,원주그림,doodle,디지털드로잉,여행스타그램,바다,여행기억,,,,,,,,,,,,,,,,
425,여행스타그램426.jpg,golfswing,golfcourse,golfswag,beautifulgolfcourses,베트남,golfislife,golfstagram,하이퐁,golflife,vietnamgolfdestination,imgworldwide,vietnam,vietnamgolf,golfvietnam,holeinone,하노이,골프,골프장,golf,골스타그램,빈펄,여행스타그램,vinpearlgolfphuquoc,bestlandscapecourse,golfing,,,,,
426,여행스타그램427.jpg,빵스타그램,커피스타그램,coffee,반짝반짝빛나는파리크라상🌟💖,식약처,clean,파리크라상,인천공항,빵,여행,인천,카페,파리크라상키친,incheonairport,카페스타그램,깨끗한음식점,커피,cleancafe,bread,매우우수,여행스타그램,매우우수음식점,cafestagram,위생등급,pariscroissant,식품의약품안전처,믿고먹는,인천공항맛집,먹스타그램,청결
427,여행스타그램428.jpg,,,,,,,,,,,,,,,,,,,,,,,,,,,,,,
428,여행스타그램429.jpg,덴젤슬립,마켓,슬립,여행스타그램,맞팔,instadaily,자체제작쇼핑몰,좋아요,선팔하면맞팔,좋반,일상,잠옷,인스타마켓,좋아요반사,덴젤,instalike,옷스타그램,선팔,instagood,휴가,선팔맞팔,여행,,,,,,,,
429,여행스타그램430.jpg,해녀,여행기억,손그림,바다,illust,illustration,원주일러스트,여행스타그램,원주그림,doodle,디지털드로잉,아이폰그림,그림스타그램,일러스트,,,,,,,,,,,,,,,,
430,여행스타그램431.jpg,맛스타그램,26개월아기,onthetable,셀스타그램,베이비,럽스타그램,온더테이블,여행스타그램,카페,instadaily,데일리,육아,양평여행,아기,daily,selfie,baby,양평,양평카페,양평맛집,cafe,travel,설린이네양평,family,일상,가족스타그램,딸스타그램,가족,여행,
431,여행스타그램432.jpg,뮌헨,추억,축구,여행스타그램,유니폼,우연,유럽,다시,독일,여행에미치다,기쁨,여행,매장,레전드,가고싶다,여행기록,언제쯤볼수있을까,행복,,,,,,,,,,,,
432,여행스타그램433.jpg,날씨,보조베터리,패션,가족나들이,다이어트노예,운동,미용실,집콕,피팅모델,한강,인천공항,가족여행,모델,네일샵,여행스타그램,다이어터,건강한다이어트,신남,영화,산책,헬스,데이트,피부과,,,,,,,
433,여행스타그램434.jpg,おしゃピク,釜山,바다피크닉,海ピク,부산여행,한국여행,釜山旅行,여행스타그램,広安里ピクニック,ピクニック,女子旅,過去pic,海ピクニック,피크닉,좋아요반사,広安里ビーチ,부산,広安里,韓国旅行,picnic,여행,광안리해수욕장,いいね返し,광안리,,,,,,
434,여행스타그램435.jpg,모델,일상,인물촬영,설정샷,유채꽃,스냅샷,a7m3,촬영,출사,일상스냅,서울,여행,🌼,전신샷,인물사진,광주,모델구함,좋아요,2470gm,맛스타그램,여행스타그램,스냅사진,일상스타그램,촬영문의dm,모델촬영,인물화,촬영문의,스냅촬영,,
435,여행스타그램436.jpg,いいね返し,선팔맞팔,좋아요반사,셀스타그램,互关,like4likes,互粉,likeforlikes,いいね,likeforlikeback,셀카,패션,선팔하면맞팔,likelike,followforfollowback,좋반,타투,follow4follow,좋반테러,l4l,첫줄반사,互赞,followforfollow,lfl,フォロバ,패션스타그램,相互フォロー,셀피,フォロー,뷰티스타그램
436,여행스타그램437.jpg,유디니,맞팔해요,like,파리여행,맞팔선팔환영,소통,데일리그램,여행스타그램,선팔,좋아요반사,선팔맞팔,유디니_유럽,선팔하면맞팔,followforfollowback,맞팔환영,프랑스여행,팔로우,맞팔하면선팔,데일리,맞팔,follow,,,,,,,,,
437,여행스타그램438.jpg,여행에미치다,소통,fff,trip,likeforlikes,f4f,여행스타그램,like4likes,선팔,instadaily,daily,여행,instagram,데일리,follow,팔로우,인스타,좋아요,일상,l4l,선팔맞팔,맞팔,instagood,,,,,,,
438,여행스타그램439.jpg,신도,couple,love,like4likes,국제연애,daily,lovely,여행스타그램,연애,여행,lfl,사랑,selfie,instadaily,사랑해,여행에미치다,couplegoals,섬,likeforlikes,국제커플,selca,,,,,,,,,
439,여행스타그램440.jpg,사랑해,likeforlikes,여행에미치다,like4likes,instadaily,사랑,lovely,couple,신도,섬,love,여행,daily,국제커플,국제연애,selfie,여행스타그램,연애,lfl,couplegoals,selca,,,,,,,,,
440,여행스타그램441.jpg,얼스타,selfies,맞팔선팔환영,인친환영,맞팔댓,여행기록,l4l,소통스타그램,likeforlikes,인친맺어요,셀피그램,맞팔댓글,풍경사진,좋반,셀카그램,소통환영,lfl,selcam,좋아요댓글,풍경스냅,맞팔해요,l4like,셀스타,좋아요반사,lb,뷰티스타그램,뷰티그램,like4likes,데일리코디,소통해용
441,여행스타그램442.jpg,먹스타그램,옷스타그램,광안리,아이폰,댓글,뷰티스타그램,얼스타그램,선팔,팔로우,서면,셀카,소통,여행스타그램,선팔하면맞팔,좋아요반사,인테리어,인스타그램,셀카그램,셀스타그램,selfies,좋아요,해운대,일상스타그램,술스타그램,맞팔,패션,이태원,맛집,커피,데일리코디
442,여행스타그램443.jpg,첫줄,selfie,instadaily,lfl,instalike,좋아요,팔로우,셀피,오오티디,f4,followforfollowback,instagood,followme,좋아요반사,맞팔,daily,반사,follow4like,언팔금지,ootd,좋반,fff,첫줄반사,,,,,,,
443,여행스타그램444.jpg,,,,,,,,,,,,,,,,,,,,,,,,,,,,,,
444,여행스타그램445.jpg,outdoorlife,campimg,의상제작,캠핑,벨라밍,먹스타그램,노숙자,handmade,노지캠핑,golf,designer,luminosos,campeggio,sewing,blackbella,인팔,맞팔,yolo,일상,yesica,diy,드레스,골프,gioioso,데일리,좋은생각,패션디렉터,여행스타그램,친팔,
445,여행스타그램446.jpg,자켓맛집,꾸안꾸룩,닥터이너그린,센텀맛집,큐리팩,파미뷰티,하객룩,아베크진아,청바지맛집,해리단길,전포카페,달맞이카페,여행스타그램,에쎌로쿠션,디피샷,기장카페,큐리앰플,체크자켓,파미아베크,파미,유산균쿠션,해운대맛집,꾸안꾸맛집,서면맛집,해운대카페,간절기룩,결혼식하객패션,,,
446,여행스타그램447.jpg,순천,여행에미치다,가족여행,감성사진,그래도공부는싫어,familytrip,travelgram,2017년,순천만국가정원,티비없는거실,travelphotography,순천여행,여행스타그램,,,,,,,,,,,,,,,,,
447,여행스타그램448.jpg,코타키나발루리오가이드,네이버카페_헬로말레이시아,코타키나발루자유여행,헬로말레이시아,코타키나발루반딧불투어,코타키나발루패키지,코타키나발루야시장,코타키나발루,코타키나발루리오,여행스타그램,코타키나발루여행,코타키나발루골프,코타키나발루선셋,코타키나발루여행준비물,코타키나발루리조트,,,,,,,,,,,,,,,
448,여행스타그램449.jpg,순창카페,순창,간만에,느무느무,나의힐링,기뿜이들과,여행스타그램,먹스타그램,베르자르당,이뻐이뻐,순창베르자르당,간만에외출,콧바람,verrejardin,당신들이있어,,,,,,,,,,,,,,,
449,여행스타그램450.jpg,제주도스냅촬영,마리에인제주,제주웨딩스냅,제주스냅작가,제주셀프웨딩,travel,제주도웨딩촬영,야외촬영,제주도웨딩스냅,济州岛,제주감성,야외스냅,굿픽쳐,제주도,유채꽃밭,제주야외스냅,제주웨딩,제주도스냅,유채꽃,goodpicture,리마인드웨딩,婚纱摄影,웨딩스냅,스냅촬영,야외웨딩스냅,제주유채꽃,여행스타그램,jeju,,
450,여행스타그램451.jpg,이시국에,일본,코로나조심,여행스타그램,ほうとう,旅行,山梨,여행,,,,,,,,,,,,,,,,,,,,,,
451,여행스타그램452.jpg,,,,,,,,,,,,,,,,,,,,,,,,,,,,,,
452,여행스타그램453.jpg,데일리룩,육아일상,여대생룩,구찌공구,홍콩명품,강남클럽,여행스타그램,직장맘,초보맘,다이어트,프라다가방,guccibag,chanelbag,워킹맘,lvbag,클럽스타그램,구찌가방,엄마스타그램,육아맘,루이비통공구,루이비통가방,먹스타그램,여름패션,젊줌마,패션,입생로랑가방,패션스타그램,샤넬가방,엄마패션,
453,여행스타그램454.jpg,여행병,여행,여행중,휴가,여행그램,캠핑,캠핑스타그램,여행스타그램,여행기록,여행추억,여행일기,여행시작,추억팔이,떠나요,,,,,,,,,,,,,,,,
454,여행스타그램455.jpg,전복장,전복물회,협재맛집,제주여행정보,전복볶음밥,맛스타그램,먹방,먹스타그램,여행에미치다,제주혼밥,애월맛집,제주도여행,셀피,제주도혼밥,딱새우장,여행스타그램,한림맛집,,,,,,,,,,,,,
455,여행스타그램456.jpg,,,,,,,,,,,,,,,,,,,,,,,,,,,,,,
456,여행스타그램457.jpg,,,,,,,,,,,,,,,,,,,,,,,,,,,,,,
457,여행스타그램458.jpg,jejudo,제주도벚꽃,무보정,맑음_봄을담다,맑음_제주에머물다,malgm_film,포트라160,필름사진,portra160,제주도여행,캐논ae1,벚꽃,canonae1,제주도,봄,,,,,,,,,,,,,,,
458,여행스타그램459.jpg,,,,,,,,,,,,,,,,,,,,,,,,,,,,,,
459,여행스타그램460.jpg,,,,,,,,,,,,,,,,,,,,,,,,,,,,,,
460,여행스타그램461.jpg,여행스타그램,likeforlikes,셀스타그램,좋반,구시청,좋반테러,선팔환영,followforfollowback,팔로우,선팔하면맞팔,가로수길,선팔,광주,좋아요반사,follow4like,상무지구,뷰티스타그램,훈녀,좋아요테러,맞팔댓글,likeforfollow,일상소통,훈남,얼스타그램,맞팔선팔,,,,,
461,여행스타그램462.jpg,likeforlikes,좋아요반사,f4f,좋테,카페투어,태그원,l4like,소통해요,일상스타그램,instamood,좋반,likeforfollow,팔로우미,청주핫플,전신샷,여행스타그램,following,instagood,likeme,,,,,,,,,,,
462,여행스타그램463.jpg,한복,전주여행,전주,여행,여행스타그램,,,,,,,,,,,,,,,,,,,,,,,,,
463,여행스타그램464.jpg,가온_부산,영도카페,여행다녀왔습니다,기장카페,데일리,부산맛집추천,흰여울마을,영도흰여울길,오션뷰카페,웨이브온,부산여행코스,해운대카페,부산여행,여행스타그램,여행에미치다_국내,국내여행지,부산카페추천,일상,기장오션뷰카페,좋아요반사,,,,,,,,,,
464,여행스타그램465.jpg,ariasnewyork,,,,,,,,,,,,,,,,,,,,,,,,,,,,,
465,여행스타그램466.jpg,도치맘,태몽,딸스타그램,,,,,,,,,,,,,,,,,,,,,,,,,,,
466,여행스타그램467.jpg,바다,여행스타그램,손그림,doodle,여행기억,원주그림,illustration,일러스트,디지털드로잉,원주일러스트,그림스타그램,해녀,아이폰그림,illust,,,,,,,,,,,,,,,,
467,여행스타그램468.jpg,하이퐁,vietnam,골스타그램,vietnamgolfdestination,golfswing,beautifulgolfcourses,golf,bestlandscapecourse,golfcourse,여행스타그램,빈펄,golfswag,golfstagram,golfislife,베트남,imgworldwide,holeinone,golflife,vinpearlgolfphuquoc,golfing,골프,golfvietnam,하노이,골프장,vietnamgolf,,,,,
468,여행스타그램469.jpg,먹스타그램,청결,매우우수,여행스타그램,커피,빵,coffee,인천,카페,깨끗한음식점,인천공항맛집,반짝반짝빛나는파리크라상🌟💖,파리크라상,위생등급,여행,cleancafe,pariscroissant,bread,식품의약품안전처,인천공항,커피스타그램,매우우수음식점,카페스타그램,clean,incheonairport,빵스타그램,식약처,파리크라상키친,cafestagram,믿고먹는
469,여행스타그램470.jpg,,,,,,,,,,,,,,,,,,,,,,,,,,,,,,
470,여행스타그램471.jpg,휴가,선팔맞팔,instadaily,맞팔,잠옷,슬립,선팔하면맞팔,일상,좋아요반사,여행,선팔,자체제작쇼핑몰,인스타마켓,옷스타그램,여행스타그램,덴젤,마켓,좋반,덴젤슬립,instalike,좋아요,instagood,,,,,,,,
471,여행스타그램472.jpg,원주일러스트,손그림,여행기억,디지털드로잉,그림스타그램,아이폰그림,원주그림,illust,바다,해녀,일러스트,illustration,여행스타그램,doodle,,,,,,,,,,,,,,,,
472,여행스타그램473.jpg,daily,양평,가족,셀스타그램,여행,온더테이블,양평여행,selfie,instadaily,travel,데일리,양평맛집,아기,딸스타그램,cafe,설린이네양평,onthetable,가족스타그램,베이비,26개월아기,baby,맛스타그램,육아,일상,럽스타그램,양평카페,family,카페,여행스타그램,
473,여행스타그램474.jpg,축구,유럽,레전드,언제쯤볼수있을까,기쁨,여행스타그램,행복,매장,추억,독일,여행기록,여행,유니폼,다시,뮌헨,가고싶다,여행에미치다,우연,,,,,,,,,,,,
474,여행스타그램475.jpg,패션,가족나들이,피부과,다이어터,인천공항,미용실,한강,보조베터리,피팅모델,집콕,다이어트노예,운동,데이트,네일샵,여행스타그램,날씨,영화,신남,산책,건강한다이어트,모델,헬스,가족여행,,,,,,,
475,여행스타그램476.jpg,광안리해수욕장,広安里ビーチ,피크닉,女子旅,picnic,海ピクニック,釜山旅行,釜山,좋아요반사,韓国旅行,부산여행,여행스타그램,おしゃピク,いいね返し,바다피크닉,한국여행,広安里,過去pic,부산,ピクニック,海ピク,광안리,広安里ピクニック,여행,,,,,,
476,여행스타그램477.jpg,촬영,인물사진,여행,유채꽃,🌼,서울,여행스타그램,2470gm,인물촬영,인물화,맛스타그램,출사,일상스타그램,설정샷,모델,모델구함,스냅사진,일상스냅,촬영문의dm,스냅촬영,a7m3,광주,촬영문의,스냅샷,좋아요,일상,전신샷,모델촬영,,
477,여행스타그램478.jpg,좋반,타투,likelike,패션스타그램,선팔맞팔,followforfollow,첫줄반사,뷰티스타그램,likeforlikeback,いいね返し,フォロー,좋아요반사,l4l,like4likes,패션,followforfollowback,互关,likeforlikes,셀피,互粉,相互フォロー,lfl,셀스타그램,フォロバ,선팔하면맞팔,셀카,follow4follow,いいね,互赞,좋반테러
478,여행스